0,Bucuresti_RNMCA,PM10,28.66,-1,44.411114,26.184734,Industrial
1,Bucuresti_RNMCA,PM10,45.0,50.0,44.395836,26.148348,Industrial
2,Bucuresti_RNMCA,PM10,56.0,50.0,44.42889,26.120836,Traffic
3,Bucuresti_RNMCA,PM10,56.0,50.0,44.42889,26.120836,Traffic
4,Bucuresti_RNMCA,PM10,10.0,50.0,44.348888,26.033613,Background
5,Bucuresti_RNMCA,PM10,41.0,50.0,44.348888,26.033613,Background
6,Bucuresti_RNMCA,CO,0.0,0.0,44.616665,26.116667,Background
7,Cluj,PM10,46.6,50.0,46.765278,23.550278,Background
8,Craiova,SO2,0.0,-1,44.318611,23.806116,Traffic
9,Craiova,PM10,20.34,40.0,44.318611,23.806116,Traffic
10,Craiova,PM10,7.0,50.0,44.318611,23.806116,Traffic
11,Craiova,PM10,26.91,40.0,44.326664,23.778622,Traffic
12,Cluj,PM10,29.59,40.0,46.778332,23.61557,Traffic
13,Cluj,SO2,0.0,3.0,46.782223,23.630569,Industrial
14,Iasi_retea,SO2,0.0,24.0,47.156667,27.574722,Traffic
15,Iasi_retea,SO2,0.0,3.0,47.156667,27.574722,Traffic
16,Iasi_retea,PM10,56.28,50.0,47.156667,27.574722,Traffic
17,Iasi_retea,C6H6,3.38,5.0,47.156667,27.574722,Traffic
18,Iasi_retea,NO2,0.0,18.0,47.151112,27.583614,Background
19,Iasi_retea,NO2,0.0,27.0,47.151112,27.583614,Background
20,Iasi_retea,PM2.5,21.57,25.0,47.151112,27.583614,Background
21,Iasi_retea,PM2.5,21.57,26.0,47.151112,27.583614,Background
22,Iasi_retea,SO2,0.0,-1,47.158058,27.614458,Industrial
23,Iasi_retea,O3,0.0,-1,47.158058,27.614458,Industrial
24,Iasi_retea,NO2,17.59,40.0,47.158058,27.614458,Industrial
25,Iasi_retea,NO2,17.59,60.0,47.158058,27.614458,Industrial
26,Iasi_retea,PM10,22.27,40.0,47.198891,27.545277,Background
27,Iasi_retea,PM10,32.17,40.0,47.13716,27.693067,Background
28,Iasi_retea,O3,0.0,-1,47.13716,27.693067,Background
29,Alba_RNMCA,PM10,48.15,50.0,46.064224,23.563482,Background
30,Alba_RNMCA,PM10,48.15,50.0,46.064224,23.563482,Background
31,Alba_RNMCA,O3,0.0,0.0,46.064224,23.563482,Background
32,Alba_RNMCA,O3,0.0,-1,46.064224,23.563482,Background
33,Alba_RNMCA,NO2,0.0,18.0,46.064224,23.563482,Background
34,Alba_RNMCA,NO2,0.0,27.0,46.064224,23.563482,Background
35,Alba_RNMCA,SO2,0.0,-1,45.9669,23.561399,Industrial
36,Alba_RNMCA,O3,0.0,-1,45.9669,23.561399,Industrial
37,Alba_RNMCA,C6H6,2.05,-1,45.9669,23.561399,Industrial
38,Alba_RNMCA,PM10,20.06,40.0,46.108295,23.225601,Industrial
39,Alba_RNMCA,NO2,12.17,40.0,46.108295,23.225601,Industrial
40,Alba_RNMCA,CO,0.0,0.0,46.108295,23.225601,Industrial
41,Arad_RNMCA,PM10,25.31,40.0,46.181389,21.334721,Traffic
42,Arad_RNMCA,O3,0.0,-1,46.181389,21.334721,Traffic
43,Arad_RNMCA,SO2,10.87,20.0,46.190552,21.302483,Background
44,Arad_RNMCA,PM10,18.75,-1,46.190552,21.302483,Background
45,Arad_RNMCA,O3,0.0,-1,46.190552,21.302483,Background
46,Arad_RNMCA,O3,0.0,-1,46.190552,21.302483,Background
47,Arad_RNMCA,NO2,0.0,-1,46.190552,21.302483,Background
48,Arad_RNMCA,NO2,0.0,18.0,46.190552,21.302483,Background
49,Arges_RNMCA,SO2,0.0,3.0,44.870219,24.854518,Traffic
50,Arges_RNMCA,SO2,0.0,-1,44.858171,24.87715,Background
51,Arges_RNMCA,O3,0.0,-1,44.858171,24.87715,Background
52,Arges_RNMCA,PM2.5,13.38,25.0,44.858171,24.87715,Background
53,Arges_RNMCA,O3,0.0,-1,44.755625,24.97548,Industrial
54,Bacau_RNMCA,PM10,19.2,40.0,46.564594,26.910671,Background
55,Bacau_RNMCA,CO,0.0,0.0,46.564594,26.910671,Background
56,Bacau_RNMCA,SO2,8.75,20.0,46.555931,26.927031,Industrial
57,Bacau_RNMCA,PM10,19.93,-1,46.555931,26.927031,Industrial
58,Bacau_RNMCA,O3,0.0,-1,46.555931,26.927031,Industrial
59,Bacau_RNMCA,O3,0.0,-1,46.555931,26.927031,Industrial
60,Bacau_RNMCA,SO2,0.0,24.0,46.256931,26.793091,Industrial
61,Bihor_RNMCA,SO2,0.0,3.0,47.068611,21.927238,Background
62,Bihor_RNMCA,O3,0.0,-1,47.068611,21.927238,Background
63,Bihor_RNMCA,O3,0.0,0.0,47.068611,21.927238,Background
64,Bihor_RNMCA,PM10,45.02,50.0,47.097504,21.901402,Industrial
65,Bistrita_RNMCA,SO2,0.0,-1,47.127377,24.495428,Background
66,Bistrita_RNMCA,PM10,5.0,50.0,47.127377,24.495428,Background
67,Botosani_RNMCA,PM10,30.88,40.0,47.739891,26.658577,Background
68,Botosani_RNMCA,PM2.5,16.82,-1,47.739891,26.658577,Background
69,Brasov_RNMCA,PM10,22.82,40.0,45.637714,25.63068,Traffic
70,Brasov_RNMCA,PM2.5,13.16,-1,45.64975,25.603586,Background
71,Brasov_RNMCA,PM10,23.13,40.0,45.65937,25.616217,Traffic
72,Brasov_RNMCA,NO2,35.66,-1,45.65937,25.616217,Traffic
73,Brasov_RNMCA,CO,0.0,0.0,45.65937,25.616217,Traffic
74,Brasov_RNMCA,O3,0.0,-1,45.718143,25.62414,Background
75,Brasov_RNMCA,O3,0.0,-1,45.718143,25.62414,Background
76,Buzau_RNMCA,SO2,0.0,3.0,45.153606,26.819145,Background
77,Buzau_RNMCA,PM10,39.97,50.0,45.153606,26.819145,Background
78,Buzau_RNMCA,O3,0.0,0.0,45.153606,26.819145,Background
79,Buzau_RNMCA,O3,0.0,-1,45.153606,26.819145,Background
80,Caras_RNMCA,PM10,11.78,-1,45.299332,21.872139,Industrial
81,Caras_RNMCA,NO2,0.0,18.0,45.299332,21.872139,Industrial
82,Caras_RNMCA,NO2,0.0,-1,45.299332,21.872139,Industrial
83,Caras_RNMCA,NO2,8.86,-1,45.299332,21.872139,Industrial
84,Constanta_RNMCA,PM10,46.7,50.0,44.177952,28.636391,Traffic
85,Constanta_RNMCA,SO2,0.0,-1,44.312351,28.623131,Background
86,Constanta_RNMCA,PM10,5.0,50.0,44.312351,28.623131,Background
87,Constanta_RNMCA,O3,0.0,-1,44.312351,28.623131,Background
88,Constanta_RNMCA,PM10,21.49,40.0,43.815163,28.582516,Traffic
89,Constanta_RNMCA,NO2,13.46,-1,43.815163,28.582516,Traffic
90,Constanta_RNMCA,PM10,25.21,-1,44.14941,28.623802,Industrial
91,Constanta_RNMCA,NO2,0.0,18.0,44.14941,28.623802,Industrial
92,Constanta_RNMCA,NO2,0.0,-1,44.14941,28.623802,Industrial
93,Constanta_RNMCA,PM10,45.79,50.0,44.248325,28.26123,Industrial
94,Constanta_RNMCA,O3,0.0,0.0,44.248325,28.26123,Industrial
95,Constanta_RNMCA,O3,0.0,-1,44.248325,28.26123,Industrial
96,Covasna_RNMCA,SO2,0.0,-1,45.875118,25.804455,Background
97,Galati_RNMCA,PM10,17.67,40.0,45.41881,28.01785,Traffic
98,Galati_RNMCA,CO,0.0,0.0,45.431538,28.054741,Background
99,Galati_RNMCA,PM2.5,7.61,-1,45.431538,28.054741,Background
100,Galati_RNMCA,SO2,4.66,20.0,45.47295,28.03394,Background
101,Galati_RNMCA,O3,0.0,-1,45.47295,28.03394,Background
102,Galati_RNMCA,O3,0.0,-1,45.47295,28.03394,Background
103,Galati_RNMCA,SO2,0.0,3.0,45.41119,28.00639,Industrial
104,Galati_RNMCA,SO2,0.0,24.0,45.41119,28.00639,Industrial
105,Gorj_RNMCA,SO2,24.02,20.0,44.899094,23.171091,Industrial
106,Gorj_RNMCA,PM10,33.82,-1,44.899094,23.171091,Industrial
107,Gorj_RNMCA,O3,0.0,-1,44.899094,23.171091,Industrial
108,Gorj_RNMCA,O3,0.0,-1,44.899094,23.171091,Industrial
109,Gorj_RNMCA,NO2,0.0,18.0,44.899094,23.171091,Industrial
110,Gorj_RNMCA,NO2,0.0,-1,44.899094,23.171091,Industrial
111,Harghita_RNMCA,SO2,0.0,3.0,46.326618,25.811356,Background
112,Harghita_RNMCA,PM10,38.34,50.0,46.326618,25.811356,Background
113,Hunedoara_RNMCA,SO2,0.0,-1,45.871384,22.908752,Industrial
114,Hunedoara_RNMCA,PM10,6.0,50.0,45.871384,22.908752,Industrial
115,Hunedoara_RNMCA,PM10,27.25,50.0,45.871384,22.908752,Industrial
116,Hunedoara_RNMCA,O3,3.0,-1,45.871384,22.908752,Industrial
117,Hunedoara_RNMCA,NO2,9.32,60.0,45.871384,22.908752,Industrial
118,Hunedoara_RNMCA,SO2,0.0,-1,45.895504,22.899347,Industrial
119,Hunedoara_RNMCA,PM10,3.0,50.0,45.895504,22.899347,Industrial
120,Hunedoara_RNMCA,NO2,18.18,40.0,45.895504,22.899347,Industrial
121,Hunedoara_RNMCA,NO2,18.18,60.0,45.895504,22.899347,Industrial
122,Hunedoara_RNMCA,SO2,6.2,20.0,45.734566,22.991819,Industrial
123,Hunedoara_RNMCA,O3,0.0,-1,45.734566,22.991819,Industrial
124,Hunedoara_RNMCA,O3,0.0,-1,45.734566,22.991819,Industrial
125,Maramures_RNMCA,SO2,0.0,3.0,47.652035,23.554808,Traffic
126,Maramures_RNMCA,PM10,40.2,50.0,47.652035,23.554808,Traffic
127,Maramures_RNMCA,PM10,39.3,50.0,47.652035,23.554808,Traffic
128,Maramures_RNMCA,NO2,0.0,27.0,47.652035,23.554808,Traffic
129,Maramures_RNMCA,NO2,0.0,18.0,47.652035,23.554808,Traffic
130,Maramures_RNMCA,NO2,0.0,27.0,47.652035,23.554808,Traffic
131,Maramures_RNMCA,SO2,0.0,-1,47.65199,23.57049,Background
132,Maramures_RNMCA,O3,0.0,-1,47.65199,23.57049,Background
133,Maramures_RNMCA,NO2,15.52,40.0,47.65199,23.57049,Background
134,Maramures_RNMCA,NO2,15.52,60.0,47.65199,23.57049,Background
135,Maramures_RNMCA,PM10,27.02,40.0,47.751308,23.605289,Background
136,Maramures_RNMCA,O3,0.0,-1,47.751308,23.605289,Background
137,Mehedinti_RNMCA,SO2,0.0,24.0,44.627495,22.694174,Industrial
138,Mehedinti_RNMCA,SO2,0.0,3.0,44.627495,22.694174,Industrial
139,Mehedinti_RNMCA,NO2,0.0,27.0,44.627495,22.694174,Industrial
140,Mures_RNMCA,O3,0.0,-1,46.533356,24.533613,Industrial
141,Neamt_RNMCA,PM10,23.83,40.0,46.929996,26.390005,Background
142,Olt_RNMCA,SO2,0.0,24.0,44.429447,24.351112,Industrial
143,Olt_RNMCA,SO2,0.0,3.0,44.429447,24.351112,Industrial
144,Olt_RNMCA,NO2,0.0,27.0,44.429447,24.351112,Industrial
145,Prahova_RNMCA,SO2,0.0,3.0,44.941032,25.998533,Traffic
146,Prahova_RNMCA,PM10,43.78,50.0,44.941032,25.998533,Traffic
147,Prahova_RNMCA,SO2,0.0,-1,44.939201,26.025902,Background
148,Prahova_RNMCA,O3,0.0,-1,44.939201,26.025902,Background
149,Prahova_RNMCA,C6H6,1.64,-1,44.939201,26.025902,Background
150,Prahova_RNMCA,PM2.5,17.98,25.0,44.939201,26.025902,Background
151,Prahova_RNMCA,PM10,16.0,50.0,44.984646,26.018019,Background
152,Prahova_RNMCA,O3,0.0,-1,44.984646,26.018019,Background
153,Prahova_RNMCA,SO2,11.74,20.0,44.92292,26.036814,Traffic
154,Prahova_RNMCA,PM10,37.3,-1,44.92292,26.036814,Traffic
155,Prahova_RNMCA,O3,0.0,-1,44.943607,26.048607,Industrial
156,Prahova_RNMCA,NO2,22.88,-1,44.943607,26.048607,Industrial
157,Prahova_RNMCA,NO2,0.0,18.0,44.943607,26.048607,Industrial
158,Prahova_RNMCA,CO,0.0,0.0,44.943607,26.048607,Industrial
159,Salaj_RNMCA,PM10,22.72,-1,47.195065,23.046906,Industrial
160,Satu Mare_RNMCA,PM10,46.42,50.0,47.799683,22.877022,Background
161,Sibiu_RNMCA,SO2,0.0,-1,45.785114,24.153469,Background
162,Sibiu_RNMCA,PM10,36.34,50.0,45.785114,24.153469,Background
163,Sibiu_RNMCA,PM10,11.0,50.0,45.785114,24.153469,Background
164,Sibiu_RNMCA,O3,0.0,-1,45.785114,24.153469,Background
165,Sibiu_RNMCA,PM2.5,11.79,25.0,45.785114,24.153469,Background
166,Sibiu_RNMCA,CO,0.0,0.0,46.113052,24.229443,Industrial
167,Sibiu_RNMCA,SO2,9.12,20.0,46.15889,24.339998,Industrial
168,Sibiu_RNMCA,PM10,19.99,-1,46.15889,24.339998,Industrial
169,Suceava_RNMCA,SO2,0.0,24.0,47.649185,26.24905,Background
170,Suceava_RNMCA,SO2,0.0,3.0,47.649185,26.24905,Background
171,Timis_RNMCA,PM10,25.78,40.0,45.728092,21.355139,Traffic
172,Timis_RNMCA,O3,0.0,-1,45.755493,21.227453,Background
173,Timis_RNMCA,CO,0.0,0.0,45.755493,21.227453,Background
174,Timis_RNMCA,PM2.5,9.94,-1,45.755493,21.227453,Background
175,Timis_RNMCA,PM10,15.96,-1,45.913494,21.151775,Background
176,Timis_RNMCA,O3,0.0,-1,45.913494,21.151775,Background
177,Timis_RNMCA,O3,0.0,-1,45.913494,21.151775,Background
178,Timis_RNMCA,SO2,0.0,3.0,45.736702,21.250942,Industrial
179,Timis_RNMCA,SO2,0.0,24.0,45.736702,21.250942,Industrial
180,Timis_RNMCA,NO2,0.0,27.0,45.736702,21.250942,Industrial
181,Timis_RNMCA,NOX as NO2,50.92,30.0,45.736702,21.250942,Industrial
182,Timis_RNMCA,SO2,0.0,3.0,45.776657,21.220881,Traffic
183,Timis_RNMCA,PM10,51.51,50.0,45.776657,21.220881,Traffic
184,Timis_RNMCA,NO2,0.0,18.0,45.776657,21.220881,Traffic
185,Timis_RNMCA,NO2,0.0,27.0,45.776657,21.220881,Traffic
186,Timis_RNMCA,NO2,0.0,27.0,45.776657,21.220881,Traffic
187,Tulcea_RNMCA,SO2,0.0,-1,45.176094,28.774727,Industrial
188,Valcea_RNMCA,PM10,26.03,40.0,45.08273,24.36979,Background
189,Valcea_RNMCA,NO2,3.76,-1,45.08273,24.36979,Background
190,Valcea_RNMCA,CO,0.0,0.0,45.08273,24.36979,Background
191,Valcea_RNMCA,O3,0.0,-1,45.038834,24.298624,Industrial
192,Valcea_RNMCA,O3,0.0,-1,45.038834,24.298624,Industrial
193,Valcea_RNMCA,NO2,0.0,18.0,45.038834,24.298624,Industrial
194,Valcea_RNMCA,NO2,0.0,-1,45.038834,24.298624,Industrial
195,Valcea_RNMCA,NO2,12.35,-1,45.038834,24.298624,Industrial
196,Vaslui_RNMCA,SO2,0.0,24.0,46.632141,27.730886,Background
197,Tulcea_RNMCA,PM10,48.33,50.0,45.180481,28.787367,Traffic
198,Suceava_RNMCA,O3,0.0,-1,47.324791,25.134665,Background
199,Suceava_RNMCA,O3,0.0,-1,47.324791,25.134665,Background
200,Arad_RNMCA,SO2,0.0,24.0,46.166817,20.736851,Traffic
201,Arad_RNMCA,SO2,0.0,3.0,46.166817,20.736851,Traffic
202,Arad_RNMCA,PM10,31.8,50.0,46.166817,20.736851,Traffic
203,Arges_RNMCA,SO2,0.0,-1,45.286194,25.080584,Industrial
204,Caras_RNMCA,SO2,0.0,3.0,44.723309,21.633366,Traffic
205,Caras_RNMCA,SO2,0.0,24.0,45.36314,22.24314,Traffic
206,Caras_RNMCA,SO2,0.0,3.0,45.36314,22.24314,Traffic
207,Gorj_RNMCA,NOX as NO2,44.56,30.0,44.68211,23.375156,Industrial
208,Mures_RNMCA,SO2,0.0,-1,46.334091,24.308413,Industrial
209,Suceava_RNMCA,PM10,37.61,50.0,47.953182,26.068127,Traffic
210,Suceava_RNMCA,NO2,0.0,27.0,47.953182,26.068127,Traffic
211,Suceava_RNMCA,NOX as NO2,49.96,30.0,47.953182,26.068127,Traffic
212,Teleorman_RNMCA,PM10,39.43,50.0,43.980331,25.312403,Background
213,Teleorman_RNMCA,PM10,39.43,50.0,43.980331,25.312403,Background
214,Teleorman_RNMCA,O3,0.0,0.0,43.980331,25.312403,Background
215,Teleorman_RNMCA,O3,0.0,-1,43.980331,25.312403,Background
216,Teleorman_RNMCA,NO2,0.0,18.0,43.980331,25.312403,Background
217,Teleorman_RNMCA,NO2,0.0,27.0,43.980331,25.312403,Background
218,Teleorman_RNMCA,C6H6,0.77,-1,43.980331,25.312403,Background
219,Teleorman_RNMCA,SO2,0.0,-1,43.757984,24.9018,Industrial
220,Teleorman_RNMCA,PM10,2.0,50.0,43.757984,24.9018,Industrial
221,Teleorman_RNMCA,PM10,34.43,50.0,43.757984,24.9018,Industrial
222,Teleorman_RNMCA,O3,0.0,-1,43.757984,24.9018,Industrial
223,Teleorman_RNMCA,NO2,16.71,40.0,43.757984,24.9018,Industrial
224,Teleorman_RNMCA,NO2,16.71,60.0,43.757984,24.9018,Industrial
225,Iasi_retea,PM10,27.52,40.0,47.21561,27.768663,Background
226,Neamt_RNMCA,SO2,9.87,20.0,46.898746,26.034065,Industrial
227,Vaslui_RNMCA,PM10,25.33,-1,46.677389,28.1011,Background
228,Timis_RNMCA,SO2,0.0,-1,45.257939,21.266975,Background
229,Timis_RNMCA,PM10,4.0,50.0,45.257939,21.266975,Background
230,Timis_RNMCA,PM10,36.88,50.0,45.257939,21.266975,Background
231,Giurgiu_RNMCA,SO2,0.0,-1,43.895522,25.956497,Background
232,Giurgiu_RNMCA,NO2,12.72,40.0,43.895522,25.956497,Background
233,Giurgiu_RNMCA,NO2,12.72,60.0,43.895522,25.956497,Background
234,Harghita_RNMCA,PM2.5,18.29,25.0,46.326618,25.811356,Background
235,Harghita_RNMCA,PM2.5,18.29,26.0,46.326618,25.811356,Background
236,Bucuresti_RNMCA,Pb in PM10,0.01,0.5,44.411114,26.184734,Industrial
237,Iasi_retea,Cd in PM10,0.23,5.0,47.198891,27.545277,Background
238,Iasi_retea,Ni in PM10,1.01,10.0,47.198891,27.545277,Background
239,Alba_RNMCA,Cd in PM10,0.08,5.0,46.108295,23.225601,Industrial
240,Alba_RNMCA,Ni in PM10,2.68,10.0,46.108295,23.225601,Industrial
241,Bacau_RNMCA,Cd in PM10,0.32,5.0,46.564594,26.910671,Background
242,Bacau_RNMCA,Pb in PM10,0.01,0.5,46.555931,26.927031,Industrial
243,Bacau_RNMCA,As in PM10,0.42,6.0,46.555931,26.927031,Industrial
244,Brasov_RNMCA,Cd in PM10,0.7,5.0,45.65937,25.616217,Traffic
245,Brasov_RNMCA,Pb in PM10,0.01,0.5,45.718143,25.62414,Background
246,Constanta_RNMCA,Ni in PM10,4.42,10.0,44.312351,28.623131,Background
247,Constanta_RNMCA,Pb in PM10,0.01,0.5,44.14941,28.623802,Industrial
248,Gorj_RNMCA,Pb in PM10,0.0,0.5,44.899094,23.171091,Industrial
249,Gorj_RNMCA,As in PM10,0.02,6.0,44.899094,23.171091,Industrial
250,Maramures_RNMCA,Cd in PM10,0.4,5.0,47.751308,23.605289,Background
251,Prahova_RNMCA,Cd in PM10,0.62,5.0,44.984646,26.018019,Background
252,Prahova_RNMCA,Ni in PM10,0.8,10.0,44.984646,26.018019,Background
253,Prahova_RNMCA,Pb in PM10,0.02,0.5,44.92292,26.036814,Traffic
254,Prahova_RNMCA,As in PM10,0.77,6.0,44.92292,26.036814,Traffic
255,Prahova_RNMCA,As in PM10,0.8,6.0,44.943607,26.048607,Industrial
256,Sibiu_RNMCA,Pb in PM10,0.3,0.5,46.15889,24.339998,Industrial
257,Sibiu_RNMCA,As in PM10,0.99,6.0,46.15889,24.339998,Industrial
258,Timis_RNMCA,Cd in PM10,0.66,5.0,45.728092,21.355139,Traffic
259,Timis_RNMCA,Ni in PM10,2.02,10.0,45.728092,21.355139,Traffic
260,Timis_RNMCA,Pb in PM10,0.01,0.5,45.913494,21.151775,Background
261,Timis_RNMCA,As in PM10,0.64,6.0,45.913494,21.151775,Background
262,Suceava_RNMCA,Pb in PM10,0.0,0.5,47.324791,25.134665,Background
263,Suceava_RNMCA,As in PM10,0.16,6.0,47.324791,25.134665,Background
264,Giurgiu_RNMCA,PM10,33.0,50.0,43.912903,25.974134,Traffic
265,Giurgiu_RNMCA,NO2,0.0,18.0,43.912903,25.974134,Traffic
266,Giurgiu_RNMCA,O3,0.0,-1,43.963814,26.038738,Background
267,Gorj_RNMCA,SO2,0.0,3.0,44.68211,23.375156,Industrial
268,Gorj_RNMCA,SO2,5.0,24.0,44.68211,23.375156,Industrial
269,Gorj_RNMCA,NO2,0.0,27.0,44.68211,23.375156,Industrial
270,Bucuresti_RNMCA,PM10,45.0,50.0,44.395836,26.148348,Industrial
271,Bucuresti_RNMCA,SO2,0.0,-1,44.42889,26.120836,Traffic
272,Bucuresti_RNMCA,SO2,0.0,3.0,44.42889,26.120836,Traffic
273,Bucuresti_RNMCA,PM10,48.0,50.0,44.42889,26.120836,Traffic
274,Cluj,PM2.5,20.28,-1,46.775002,23.596678,Background
275,Cluj,PM10,29.67,-1,46.765278,23.550278,Background
276,Craiova,SO2,0.0,-1,44.326664,23.778622,Traffic
277,Craiova,PM10,25.0,50.0,44.326664,23.778622,Traffic
278,Craiova,O3,0.0,-1,44.326664,23.778622,Traffic
279,Craiova,NO2,25.73,40.0,44.326664,23.778622,Traffic
280,Craiova,NO2,25.73,60.0,44.326664,23.778622,Traffic
281,Craiova,NO2,25.73,-1,44.326664,23.778622,Traffic
282,Cluj,PM10,29.59,-1,46.778332,23.61557,Traffic
283,Cluj,SO2,0.0,24.0,46.782223,23.630569,Industrial
284,Iasi_retea,PM10,38.02,-1,47.156667,27.574722,Traffic
285,Iasi_retea,SO2,0.0,24.0,47.151112,27.583614,Background
286,Iasi_retea,SO2,0.0,3.0,47.151112,27.583614,Background
287,Iasi_retea,NO2,0.0,27.0,47.151112,27.583614,Background
288,Iasi_retea,NOX as NO2,38.29,30.0,47.151112,27.583614,Background
289,Iasi_retea,PM2.5,21.57,25.0,47.151112,27.583614,Background
290,Iasi_retea,O3,0.0,0.0,47.158058,27.614458,Industrial
291,Iasi_retea,O3,0.0,-1,47.158058,27.614458,Industrial
292,Iasi_retea,NO2,0.0,18.0,47.158058,27.614458,Industrial
293,Iasi_retea,NO2,0.0,27.0,47.158058,27.614458,Industrial
294,Iasi_retea,SO2,0.0,-1,47.198891,27.545277,Background
295,Iasi_retea,PM10,3.0,50.0,47.198891,27.545277,Background
296,Iasi_retea,O3,0.0,-1,47.198891,27.545277,Background
297,Iasi_retea,CO,0.0,0.0,47.198891,27.545277,Background
298,Iasi_retea,SO2,4.79,20.0,47.13716,27.693067,Background
299,Iasi_retea,PM10,32.17,-1,47.13716,27.693067,Background
300,Iasi_retea,O3,0.0,-1,47.13716,27.693067,Background
301,Alba_RNMCA,SO2,0.0,-1,46.064224,23.563482,Background
302,Alba_RNMCA,SO2,0.0,3.0,46.064224,23.563482,Background
303,Alba_RNMCA,PM10,11.0,50.0,46.064224,23.563482,Background
304,Alba_RNMCA,NO2,0.0,27.0,46.064224,23.563482,Background
305,Alba_RNMCA,NOX as NO2,29.63,30.0,46.064224,23.563482,Background
306,Alba_RNMCA,O3,0.0,-1,45.9669,23.561399,Industrial
307,Alba_RNMCA,PM10,11.0,50.0,46.108295,23.225601,Industrial
308,Alba_RNMCA,O3,0.0,-1,46.108295,23.225601,Industrial
309,Alba_RNMCA,NO2,12.17,60.0,46.108295,23.225601,Industrial
310,Alba_RNMCA,NO2,12.17,-1,46.108295,23.225601,Industrial
311,Arad_RNMCA,SO2,10.65,20.0,46.181389,21.334721,Traffic
312,Arad_RNMCA,PM10,25.31,-1,46.181389,21.334721,Traffic
313,Arad_RNMCA,O3,0.0,-1,46.181389,21.334721,Traffic
314,Arad_RNMCA,SO2,0.0,24.0,46.190552,21.302483,Background
315,Arad_RNMCA,NO2,14.42,-1,46.190552,21.302483,Background
316,Arad_RNMCA,NOX as NO2,24.14,30.0,46.190552,21.302483,Background
317,Arges_RNMCA,SO2,0.0,24.0,44.870219,24.854518,Traffic
318,Arges_RNMCA,O3,0.0,-1,44.858171,24.87715,Background
319,Arges_RNMCA,O3,0.0,0.0,44.858171,24.87715,Background
320,Arges_RNMCA,PM2.5,13.38,25.0,44.858171,24.87715,Background
321,Arges_RNMCA,O3,0.0,-1,44.755625,24.97548,Industrial
322,Arges_RNMCA,O3,1.0,0.0,44.755625,24.97548,Industrial
323,Bacau_RNMCA,SO2,3.69,20.0,46.564594,26.910671,Background
324,Bacau_RNMCA,O3,0.0,-1,46.564594,26.910671,Background
325,Bacau_RNMCA,O3,0.0,-1,46.564594,26.910671,Background
326,Bacau_RNMCA,SO2,0.0,24.0,46.555931,26.927031,Industrial
327,Bacau_RNMCA,SO2,0.0,3.0,46.256931,26.793091,Industrial
328,Bacau_RNMCA,SO2,6.36,20.0,46.256931,26.793091,Industrial
329,Bacau_RNMCA,O3,0.0,-1,46.256931,26.793091,Industrial
330,Bacau_RNMCA,O3,0.0,-1,46.256931,26.793091,Industrial
331,Bacau_RNMCA,O3,0.0,0.0,46.256931,26.793091,Industrial
332,Bihor_RNMCA,SO2,0.0,24.0,47.068611,21.927238,Background
333,Bihor_RNMCA,SO2,0.0,-1,47.097504,21.901402,Industrial
334,Bihor_RNMCA,PM10,28.0,50.0,47.097504,21.901402,Industrial
335,Bihor_RNMCA,PM10,45.02,50.0,47.097504,21.901402,Industrial
336,Bihor_RNMCA,O3,0.0,-1,47.097504,21.901402,Industrial
337,Bihor_RNMCA,O3,0.0,-1,47.097504,21.901402,Industrial
338,Bihor_RNMCA,O3,0.0,0.0,47.097504,21.901402,Industrial
339,Bistrita_RNMCA,PM10,17.98,40.0,47.127377,24.495428,Background
340,Bistrita_RNMCA,CO,0.0,0.0,47.127377,24.495428,Background
341,Botosani_RNMCA,SO2,17.42,20.0,47.739891,26.658577,Background
342,Braila_RNMCA,O3,0.0,0.0,45.26297,27.96966,Background
343,Braila_RNMCA,O3,0.0,-1,45.26297,27.96966,Background
344,Braila_RNMCA,O3,0.0,-1,45.26297,27.96966,Background
345,Braila_RNMCA,CO,0.0,0.0,45.16853,27.922554,Industrial
346,Brasov_RNMCA,PM10,23.13,-1,45.65937,25.616217,Traffic
347,Brasov_RNMCA,O3,0.0,-1,45.65937,25.616217,Traffic
348,Brasov_RNMCA,O3,0.0,-1,45.65937,25.616217,Traffic
349,Brasov_RNMCA,NO2,0.0,18.0,45.65937,25.616217,Traffic
350,Brasov_RNMCA,NO2,0.0,-1,45.65937,25.616217,Traffic
351,Buzau_RNMCA,SO2,0.0,24.0,45.153606,26.819145,Background
352,Buzau_RNMCA,PM10,39.97,50.0,45.153606,26.819145,Background
353,Caras_RNMCA,CO,0.0,0.0,45.299332,21.872139,Industrial
354,Caras_RNMCA,PM10,21.07,50.0,45.518608,22.352751,Industrial
355,Caras_RNMCA,PM10,11.54,-1,45.518608,22.352751,Industrial
356,Caras_RNMCA,O3,0.0,0.0,45.518608,22.352751,Industrial
357,Caras_RNMCA,O3,0.0,-1,45.518608,22.352751,Industrial
358,Caras_RNMCA,O3,0.0,-1,45.518608,22.352751,Industrial
359,Constanta_RNMCA,PM10,46.7,50.0,44.177952,28.636391,Traffic
360,Constanta_RNMCA,PM10,19.19,40.0,44.312351,28.623131,Background
361,Constanta_RNMCA,SO2,6.88,20.0,43.815163,28.582516,Traffic
362,Constanta_RNMCA,NO2,0.0,18.0,43.815163,28.582516,Traffic
363,Constanta_RNMCA,NO2,0.0,-1,43.815163,28.582516,Traffic
364,Constanta_RNMCA,NO2,26.06,-1,44.14941,28.623802,Industrial
365,Constanta_RNMCA,CO,0.0,0.0,44.14941,28.623802,Industrial
366,Constanta_RNMCA,O3,0.0,0.0,44.319626,28.610256,Industrial
367,Constanta_RNMCA,O3,0.0,-1,44.319626,28.610256,Industrial
368,Constanta_RNMCA,O3,0.0,-1,44.319626,28.610256,Industrial
369,Constanta_RNMCA,PM10,45.79,50.0,44.248325,28.26123,Industrial
370,Covasna_RNMCA,O3,0.0,-1,45.875118,25.804455,Background
371,Covasna_RNMCA,O3,0.0,-1,45.875118,25.804455,Background
372,Covasna_RNMCA,O3,0.0,0.0,45.875118,25.804455,Background
373,Galati_RNMCA,SO2,0.0,-1,45.41881,28.01785,Traffic
374,Galati_RNMCA,PM10,0.0,50.0,45.41881,28.01785,Traffic
375,Galati_RNMCA,CO,0.0,0.0,45.41881,28.01785,Traffic
376,Galati_RNMCA,O3,0.0,-1,45.431538,28.054741,Background
377,Galati_RNMCA,O3,0.0,-1,45.431538,28.054741,Background
378,Galati_RNMCA,SO2,0.0,24.0,45.47295,28.03394,Background
379,Galati_RNMCA,C6H6,0.28,5.0,45.47295,28.03394,Background
380,Galati_RNMCA,SO2,5.37,20.0,45.41119,28.00639,Industrial
381,Galati_RNMCA,O3,0.0,0.0,45.41119,28.00639,Industrial
382,Galati_RNMCA,O3,0.0,-1,45.41119,28.00639,Industrial
383,Galati_RNMCA,O3,0.0,-1,45.41119,28.00639,Industrial
384,Gorj_RNMCA,SO2,2.0,24.0,44.899094,23.171091,Industrial
385,Gorj_RNMCA,NO2,18.15,-1,44.899094,23.171091,Industrial
386,Gorj_RNMCA,NOX as NO2,34.98,30.0,44.899094,23.171091,Industrial
387,Harghita_RNMCA,SO2,0.0,24.0,46.326618,25.811356,Background
388,Harghita_RNMCA,PM10,38.34,50.0,46.326618,25.811356,Background
389,Hunedoara_RNMCA,O3,0.0,-1,45.871384,22.908752,Industrial
390,Hunedoara_RNMCA,O3,0.0,0.0,45.871384,22.908752,Industrial
391,Hunedoara_RNMCA,NO2,9.32,40.0,45.871384,22.908752,Industrial
392,Hunedoara_RNMCA,NO2,0.0,18.0,45.871384,22.908752,Industrial
393,Prahova_RNMCA,O3,0.0,-1,44.943607,26.048607,Industrial
394,Prahova_RNMCA,NO2,0.0,-1,44.943607,26.048607,Industrial
395,Satu Mare_RNMCA,PM10,27.75,-1,47.799683,22.877022,Background
396,Sibiu_RNMCA,SO2,12.69,20.0,46.113052,24.229443,Industrial
397,Sibiu_RNMCA,O3,0.0,-1,46.113052,24.229443,Industrial
398,Sibiu_RNMCA,O3,0.0,-1,46.113052,24.229443,Industrial
399,Sibiu_RNMCA,SO2,0.0,24.0,46.15889,24.339998,Industrial
400,Suceava_RNMCA,SO2,7.5,20.0,47.649185,26.24905,Background
401,Suceava_RNMCA,PM10,27.24,-1,47.649185,26.24905,Background
402,Suceava_RNMCA,PM10,43.79,50.0,47.649185,26.24905,Background
403,Suceava_RNMCA,O3,0.0,0.0,47.649185,26.24905,Background
404,Suceava_RNMCA,O3,0.0,-1,47.649185,26.24905,Background
405,Suceava_RNMCA,O3,0.0,-1,47.649185,26.24905,Background
406,Timis_RNMCA,SO2,0.0,-1,45.728092,21.355139,Traffic
407,Timis_RNMCA,PM10,5.0,50.0,45.728092,21.355139,Traffic
408,Timis_RNMCA,CO,0.0,0.0,45.728092,21.355139,Traffic
409,Timis_RNMCA,SO2,15.3,20.0,45.755493,21.227453,Background
410,Timis_RNMCA,O3,0.0,-1,45.755493,21.227453,Background
411,Timis_RNMCA,C6H6,1.11,5.0,45.913494,21.151775,Background
412,Timis_RNMCA,SO2,15.45,20.0,45.736702,21.250942,Industrial
413,Timis_RNMCA,O3,0.0,0.0,45.736702,21.250942,Industrial
414,Timis_RNMCA,O3,0.0,-1,45.736702,21.250942,Industrial
415,Timis_RNMCA,O3,0.0,-1,45.736702,21.250942,Industrial
416,Timis_RNMCA,NO2,0.0,18.0,45.736702,21.250942,Industrial
417,Timis_RNMCA,NO2,0.0,27.0,45.736702,21.250942,Industrial
418,Timis_RNMCA,NO2,0.0,-1,45.736702,21.250942,Industrial
419,Timis_RNMCA,SO2,0.0,24.0,45.776657,21.220881,Traffic
420,Timis_RNMCA,PM10,51.51,50.0,45.776657,21.220881,Traffic
421,Timis_RNMCA,NOX as NO2,54.66,30.0,45.776657,21.220881,Traffic
422,Timis_RNMCA,C6H6,1.09,5.0,45.776657,21.220881,Traffic
423,Timis_RNMCA,C6H6,1.09,-1,45.776657,21.220881,Traffic
424,Tulcea_RNMCA,O3,0.0,-1,45.176094,28.774727,Industrial
425,Tulcea_RNMCA,O3,0.0,-1,45.176094,28.774727,Industrial
426,Tulcea_RNMCA,O3,0.0,0.0,45.176094,28.774727,Industrial
427,Valcea_RNMCA,SO2,6.51,20.0,45.08273,24.36979,Background
428,Valcea_RNMCA,O3,0.0,-1,45.08273,24.36979,Background
429,Valcea_RNMCA,O3,0.0,-1,45.08273,24.36979,Background
430,Valcea_RNMCA,NO2,3.76,40.0,45.08273,24.36979,Background
431,Valcea_RNMCA,NO2,0.0,-1,45.08273,24.36979,Background
432,Valcea_RNMCA,NO2,0.0,18.0,45.08273,24.36979,Background
433,Valcea_RNMCA,PM2.5,19.46,-1,45.08273,24.36979,Background
434,Valcea_RNMCA,CO,0.0,0.0,45.038834,24.298624,Industrial
435,Vaslui_RNMCA,SO2,0.0,3.0,46.632141,27.730886,Background
436,Vaslui_RNMCA,SO2,6.0,20.0,46.632141,27.730886,Background
437,Tulcea_RNMCA,PM10,48.33,50.0,45.180481,28.787367,Traffic
438,Suceava_RNMCA,PM10,16.86,40.0,47.324791,25.134665,Background
439,Suceava_RNMCA,PM10,16.86,-1,47.324791,25.134665,Background
440,Arad_RNMCA,PM10,18.33,-1,46.166817,20.736851,Traffic
441,Caras_RNMCA,SO2,0.0,24.0,44.723309,21.633366,Traffic
442,Caras_RNMCA,SO2,17.15,20.0,45.36314,22.24314,Traffic
443,Caras_RNMCA,PM10,21.08,-1,45.36314,22.24314,Traffic
444,Caras_RNMCA,PM10,36.33,50.0,45.36314,22.24314,Traffic
445,Giurgiu_RNMCA,NO2,0.0,18.0,43.875435,25.93178,Industrial
446,Giurgiu_RNMCA,NO2,5.46,40.0,43.875435,25.93178,Industrial
447,Giurgiu_RNMCA,NO2,5.46,60.0,43.875435,25.93178,Industrial
448,Giurgiu_RNMCA,NO2,5.46,-1,43.875435,25.93178,Industrial
449,Giurgiu_RNMCA,SO2,0.0,-1,43.912903,25.974134,Traffic
450,Giurgiu_RNMCA,SO2,0.0,3.0,43.912903,25.974134,Traffic
451,Giurgiu_RNMCA,PM10,33.0,50.0,43.912903,25.974134,Traffic
452,Giurgiu_RNMCA,PM10,0.0,50.0,43.912903,25.974134,Traffic
453,Giurgiu_RNMCA,NO2,0.0,27.0,43.912903,25.974134,Traffic
454,Giurgiu_RNMCA,NO2,0.0,27.0,43.912903,25.974134,Traffic
455,Giurgiu_RNMCA,NO2,26.5,40.0,43.912903,25.974134,Traffic
456,Giurgiu_RNMCA,NO2,26.5,60.0,43.912903,25.974134,Traffic
457,Giurgiu_RNMCA,PM2.5,10.52,25.0,43.963814,26.038738,Background
458,Gorj_RNMCA,SO2,13.39,20.0,44.68211,23.375156,Industrial
459,Gorj_RNMCA,PM10,21.6,-1,44.68211,23.375156,Industrial
460,Gorj_RNMCA,PM10,41.51,50.0,44.68211,23.375156,Industrial
461,Gorj_RNMCA,NO2,0.0,-1,44.68211,23.375156,Industrial
462,Gorj_RNMCA,NO2,0.0,18.0,44.68211,23.375156,Industrial
463,Gorj_RNMCA,NO2,0.0,27.0,44.68211,23.375156,Industrial
464,Suceava_RNMCA,PM10,23.03,-1,47.953182,26.068127,Traffic
465,Suceava_RNMCA,NO2,0.0,18.0,47.953182,26.068127,Traffic
466,Suceava_RNMCA,NO2,0.0,27.0,47.953182,26.068127,Traffic
467,Teleorman_RNMCA,SO2,0.0,3.0,43.980331,25.312403,Background
468,Teleorman_RNMCA,NO2,0.0,27.0,43.980331,25.312403,Background
469,Teleorman_RNMCA,NOX as NO2,34.62,30.0,43.980331,25.312403,Background
470,Teleorman_RNMCA,C6H6,0.77,5.0,43.980331,25.312403,Background
471,Teleorman_RNMCA,O3,0.0,0.0,43.757984,24.9018,Industrial
472,Teleorman_RNMCA,O3,0.0,-1,43.757984,24.9018,Industrial
473,Teleorman_RNMCA,NO2,0.0,18.0,43.757984,24.9018,Industrial
474,Teleorman_RNMCA,NO2,0.0,27.0,43.757984,24.9018,Industrial
475,Iasi_retea,SO2,6.63,20.0,47.21561,27.768663,Background
476,Neamt_RNMCA,SO2,0.0,24.0,46.898746,26.034065,Industrial
477,Vaslui_RNMCA,CO,0.0,0.0,46.677389,28.1011,Background
478,Hunedoara_RNMCA,PM10,14.37,-1,45.37313,23.2786,Industrial
479,Hunedoara_RNMCA,PM10,30.89,50.0,45.37313,23.2786,Industrial
480,Harghita_RNMCA,PM2.5,18.29,25.0,46.326618,25.811356,Background
481,Bucuresti_RNMCA,Ni in PM10,3.86,10.0,44.348888,26.033613,Background
482,Bacau_RNMCA,Pb in PM10,0.01,0.5,46.564594,26.910671,Background
483,Bacau_RNMCA,Ni in PM10,1.94,10.0,46.564594,26.910671,Background
484,Bacau_RNMCA,As in PM10,0.4,6.0,46.564594,26.910671,Background
485,Brasov_RNMCA,Pb in PM10,0.01,0.5,45.65937,25.616217,Traffic
486,Brasov_RNMCA,Ni in PM10,5.66,10.0,45.65937,25.616217,Traffic
487,Constanta_RNMCA,Pb in PM10,0.01,0.5,43.815163,28.582516,Traffic
488,Hunedoara_RNMCA,Ni in PM10,0.01,10.0,45.871384,22.908752,Industrial
489,Mehedinti_RNMCA,Pb in PM10,0.01,0.5,44.627495,22.694174,Industrial
490,Prahova_RNMCA,Pb in PM10,0.02,0.5,44.943607,26.048607,Industrial
491,Prahova_RNMCA,Cd in PM10,0.9,5.0,44.943607,26.048607,Industrial
492,Suceava_RNMCA,Cd in PM10,0.34,5.0,47.324791,25.134665,Background
493,Timis_RNMCA,Ni in PM10,1.92,10.0,45.257939,21.266975,Background
494,Hunedoara_RNMCA,NO2,0.0,27.0,45.871384,22.908752,Industrial
495,Hunedoara_RNMCA,PM10,14.96,40.0,45.895504,22.899347,Industrial
496,Hunedoara_RNMCA,CO,0.0,0.0,45.895504,22.899347,Industrial
497,Hunedoara_RNMCA,SO2,0.0,24.0,45.734566,22.991819,Industrial
498,Hunedoara_RNMCA,CO,0.0,0.0,45.734566,22.991819,Industrial
499,Maramures_RNMCA,SO2,0.0,24.0,47.652035,23.554808,Traffic
500,Maramures_RNMCA,NOX as NO2,37.52,30.0,47.652035,23.554808,Traffic
501,Maramures_RNMCA,O3,0.0,-1,47.65199,23.57049,Background
502,Maramures_RNMCA,O3,0.0,0.0,47.65199,23.57049,Background
503,Maramures_RNMCA,NO2,0.0,18.0,47.65199,23.57049,Background
504,Maramures_RNMCA,NO2,0.0,27.0,47.65199,23.57049,Background
505,Maramures_RNMCA,SO2,0.0,-1,47.751308,23.605289,Background
506,Maramures_RNMCA,PM10,29.0,50.0,47.751308,23.605289,Background
507,Maramures_RNMCA,CO,0.0,0.0,47.751308,23.605289,Background
508,Mehedinti_RNMCA,SO2,22.62,20.0,44.627495,22.694174,Industrial
509,Mehedinti_RNMCA,PM10,34.0,50.0,44.627495,22.694174,Industrial
510,Mehedinti_RNMCA,PM10,23.58,-1,44.627495,22.694174,Industrial
511,Mehedinti_RNMCA,NO2,0.0,27.0,44.627495,22.694174,Industrial
512,Mehedinti_RNMCA,NO2,0.0,18.0,44.627495,22.694174,Industrial
513,Mehedinti_RNMCA,NO2,0.0,-1,44.627495,22.694174,Industrial
514,Mehedinti_RNMCA,PM2.5,19.84,26.0,44.627495,22.694174,Industrial
515,Mures_RNMCA,O3,0.0,-1,46.533356,24.533613,Industrial
516,Mures_RNMCA,O3,0.0,0.0,46.533356,24.533613,Industrial
517,Neamt_RNMCA,SO2,0.0,-1,46.929996,26.390005,Background
518,Neamt_RNMCA,PM10,9.0,50.0,46.929996,26.390005,Background
519,Neamt_RNMCA,O3,0.0,-1,46.929996,26.390005,Background
520,Neamt_RNMCA,CO,0.0,0.0,46.929996,26.390005,Background
521,Neamt_RNMCA,SO2,7.67,20.0,46.950283,26.920002,Industrial
522,Olt_RNMCA,SO2,10.9,20.0,44.429447,24.351112,Industrial
523,Olt_RNMCA,PM10,24.52,-1,44.429447,24.351112,Industrial
524,Olt_RNMCA,PM10,38.8,50.0,44.429447,24.351112,Industrial
525,Olt_RNMCA,O3,0.0,0.0,44.429447,24.351112,Industrial
526,Olt_RNMCA,O3,0.0,-1,44.429447,24.351112,Industrial
527,Olt_RNMCA,O3,0.0,-1,44.429447,24.351112,Industrial
528,Olt_RNMCA,NO2,0.0,-1,44.429447,24.351112,Industrial
529,Olt_RNMCA,NO2,0.0,18.0,44.429447,24.351112,Industrial
530,Olt_RNMCA,NO2,0.0,27.0,44.429447,24.351112,Industrial
531,Prahova_RNMCA,SO2,0.0,24.0,44.941032,25.998533,Traffic
532,Prahova_RNMCA,PM10,43.78,50.0,44.941032,25.998533,Traffic
533,Prahova_RNMCA,C6H6,1.63,5.0,44.941032,25.998533,Traffic
534,Prahova_RNMCA,C6H6,1.63,-1,44.941032,25.998533,Traffic
535,Prahova_RNMCA,O3,0.0,-1,44.939201,26.025902,Background
536,Prahova_RNMCA,O3,2.0,0.0,44.939201,26.025902,Background
537,Prahova_RNMCA,PM2.5,17.98,25.0,44.939201,26.025902,Background
538,Prahova_RNMCA,PM10,28.96,40.0,44.984646,26.018019,Background
539,Prahova_RNMCA,SO2,19.54,20.0,44.850227,26.025917,Industrial
540,Prahova_RNMCA,O3,0.0,-1,44.850227,26.025917,Industrial
541,Prahova_RNMCA,O3,0.0,-1,44.850227,26.025917,Industrial
542,Prahova_RNMCA,SO2,0.0,24.0,44.92292,26.036814,Traffic
543,Prahova_RNMCA,SO2,12.96,20.0,44.943607,26.048607,Industrial
544,Prahova_RNMCA,PM10,34.28,40.0,44.943607,26.048607,Industrial
545,Prahova_RNMCA,PM10,34.28,-1,44.943607,26.048607,Industrial
546,Sibiu_RNMCA,O3,0.0,-1,45.785114,24.153469,Background
547,Sibiu_RNMCA,O3,0.0,0.0,45.785114,24.153469,Background
548,Sibiu_RNMCA,PM2.5,11.79,25.0,45.785114,24.153469,Background
549,Sibiu_RNMCA,SO2,0.0,-1,45.797497,24.184441,Industrial
550,Sibiu_RNMCA,CO,0.0,0.0,45.797497,24.184441,Industrial
551,Bucuresti_RNMCA,SO2,28.43,20.0,44.42889,26.120836,Traffic
552,Bucuresti_RNMCA,PM10,35.79,40.0,44.42889,26.120836,Traffic
553,Bucuresti_RNMCA,PM10,35.79,-1,44.42889,26.120836,Traffic
554,Bucuresti_RNMCA,PM2.5,17.81,25.0,44.616665,26.116667,Background
555,Cluj,PM2.5,20.28,25.0,46.775002,23.596678,Background
556,Cluj,PM10,6.0,50.0,46.765278,23.550278,Background
557,Craiova,SO2,7.69,20.0,44.318611,23.806116,Traffic
558,Craiova,PM10,20.34,-1,44.318611,23.806116,Traffic
559,Craiova,PM10,38.44,50.0,44.318611,23.806116,Traffic
560,Craiova,PM10,26.91,-1,44.326664,23.778622,Traffic
561,Craiova,O3,0.0,-1,44.326664,23.778622,Traffic
562,Craiova,O3,9.0,0.0,44.326664,23.778622,Traffic
563,Craiova,NO2,0.0,18.0,44.326664,23.778622,Traffic
564,Craiova,NO2,0.0,27.0,44.326664,23.778622,Traffic
565,Cluj,SO2,6.53,20.0,46.782223,23.630569,Industrial
566,Iasi_retea,SO2,0.0,-1,47.156667,27.574722,Traffic
567,Iasi_retea,PM10,26.0,50.0,47.156667,27.574722,Traffic
568,Iasi_retea,SO2,3.67,20.0,47.151112,27.583614,Background
569,Iasi_retea,NO2,0.0,-1,47.151112,27.583614,Background
570,Iasi_retea,NO2,0.0,18.0,47.151112,27.583614,Background
571,Iasi_retea,SO2,0.0,24.0,47.158058,27.614458,Industrial
572,Iasi_retea,NO2,17.59,-1,47.158058,27.614458,Industrial
573,Iasi_retea,NOX as NO2,23.66,30.0,47.158058,27.614458,Industrial
574,Iasi_retea,PM10,22.27,-1,47.198891,27.545277,Background
575,Iasi_retea,O3,0.0,-1,47.198891,27.545277,Background
576,Iasi_retea,O3,3.0,0.0,47.198891,27.545277,Background
577,Iasi_retea,SO2,0.0,24.0,47.13716,27.693067,Background
578,Alba_RNMCA,SO2,5.1,20.0,46.064224,23.563482,Background
579,Alba_RNMCA,PM10,23.07,40.0,46.064224,23.563482,Background
580,Alba_RNMCA,PM10,23.07,-1,46.064224,23.563482,Background
581,Alba_RNMCA,O3,0.0,-1,46.064224,23.563482,Background
582,Alba_RNMCA,NO2,0.0,-1,46.064224,23.563482,Background
583,Alba_RNMCA,SO2,0.0,24.0,45.9669,23.561399,Industrial
584,Alba_RNMCA,C6H6,2.05,5.0,45.9669,23.561399,Industrial
585,Alba_RNMCA,PM10,20.06,-1,46.108295,23.225601,Industrial
586,Alba_RNMCA,O3,0.0,0.0,46.108295,23.225601,Industrial
587,Alba_RNMCA,O3,0.0,-1,46.108295,23.225601,Industrial
588,Alba_RNMCA,NO2,0.0,18.0,46.108295,23.225601,Industrial
589,Alba_RNMCA,NO2,0.0,27.0,46.108295,23.225601,Industrial
590,Arad_RNMCA,SO2,0.0,3.0,46.181389,21.334721,Traffic
591,Arad_RNMCA,SO2,0.0,24.0,46.181389,21.334721,Traffic
592,Arad_RNMCA,O3,1.0,0.0,46.190552,21.302483,Background
593,Arad_RNMCA,O3,0.0,-1,46.190552,21.302483,Background
594,Arad_RNMCA,NO2,0.0,18.0,46.190552,21.302483,Background
595,Arad_RNMCA,NO2,0.0,27.0,46.190552,21.302483,Background
596,Arges_RNMCA,SO2,33.78,20.0,44.870219,24.854518,Traffic
597,Arges_RNMCA,SO2,0.0,24.0,44.858171,24.87715,Background
598,Arges_RNMCA,CO,0.0,0.0,44.755625,24.97548,Industrial
599,Bacau_RNMCA,SO2,0.0,24.0,46.564594,26.910671,Background
600,Bacau_RNMCA,PM10,30.17,50.0,46.564594,26.910671,Background
601,Bacau_RNMCA,PM10,31.18,50.0,46.555931,26.927031,Industrial
602,Bacau_RNMCA,O3,0.0,0.0,46.555931,26.927031,Industrial
603,Bacau_RNMCA,O3,0.0,-1,46.555931,26.927031,Industrial
604,Bacau_RNMCA,O3,0.0,-1,46.555931,26.927031,Industrial
605,Bihor_RNMCA,SO2,4.01,20.0,47.068611,21.927238,Background
606,Bihor_RNMCA,O3,0.0,-1,47.068611,21.927238,Background
607,Bihor_RNMCA,O3,0.0,-1,47.068611,21.927238,Background
608,Bihor_RNMCA,PM10,20.79,40.0,47.097504,21.901402,Industrial
609,Bistrita_RNMCA,SO2,4.57,20.0,47.127377,24.495428,Background
610,Bistrita_RNMCA,PM10,17.98,-1,47.127377,24.495428,Background
611,Bistrita_RNMCA,PM10,32.64,50.0,47.127377,24.495428,Background
612,Botosani_RNMCA,SO2,0.0,24.0,47.739891,26.658577,Background
613,Botosani_RNMCA,PM10,49.92,50.0,47.739891,26.658577,Background
614,Botosani_RNMCA,C6H6,0.27,5.0,47.739891,26.658577,Background
615,Botosani_RNMCA,C6H6,0.27,-1,47.739891,26.658577,Background
616,Botosani_RNMCA,PM2.5,16.82,25.0,47.739891,26.658577,Background
617,Brasov_RNMCA,PM10,41.61,50.0,45.637714,25.63068,Traffic
618,Brasov_RNMCA,PM2.5,13.16,26.0,45.64975,25.603586,Background
619,Brasov_RNMCA,PM10,43.79,50.0,45.65937,25.616217,Traffic
620,Brasov_RNMCA,NOX as NO2,74.35,30.0,45.65937,25.616217,Traffic
621,Brasov_RNMCA,O3,0.0,-1,45.718143,25.62414,Background
622,Brasov_RNMCA,O3,1.0,0.0,45.718143,25.62414,Background
623,Brasov_RNMCA,CO,0.0,0.0,45.651608,25.625565,Industrial
624,Buzau_RNMCA,SO2,4.13,20.0,45.153606,26.819145,Background
625,Buzau_RNMCA,O3,0.0,-1,45.153606,26.819145,Background
626,Buzau_RNMCA,O3,0.0,-1,45.153606,26.819145,Background
627,Caras_RNMCA,PM10,20.71,50.0,45.299332,21.872139,Industrial
628,Caras_RNMCA,NO2,0.0,18.0,45.299332,21.872139,Industrial
629,Caras_RNMCA,NO2,0.0,27.0,45.299332,21.872139,Industrial
630,Caras_RNMCA,NO2,8.86,40.0,45.299332,21.872139,Industrial
631,Caras_RNMCA,NO2,8.86,60.0,45.299332,21.872139,Industrial
632,Caras_RNMCA,PM10,21.07,50.0,45.518608,22.352751,Industrial
633,Caras_RNMCA,PM10,11.54,40.0,45.518608,22.352751,Industrial
634,Caras_RNMCA,CO,0.0,0.0,45.518608,22.352751,Industrial
635,Constanta_RNMCA,PM10,30.47,-1,44.177952,28.636391,Traffic
636,Constanta_RNMCA,SO2,6.8,20.0,44.312351,28.623131,Background
637,Constanta_RNMCA,PM10,19.19,-1,44.312351,28.623131,Background
638,Constanta_RNMCA,PM10,31.07,50.0,44.312351,28.623131,Background
639,Constanta_RNMCA,O3,0.0,0.0,44.312351,28.623131,Background
640,Constanta_RNMCA,O3,0.0,-1,44.312351,28.623131,Background
641,Constanta_RNMCA,O3,0.0,-1,44.312351,28.623131,Background
642,Constanta_RNMCA,SO2,0.0,24.0,43.815163,28.582516,Traffic
643,Constanta_RNMCA,PM10,35.79,50.0,43.815163,28.582516,Traffic
644,Constanta_RNMCA,NOX as NO2,33.39,30.0,43.815163,28.582516,Traffic
645,Constanta_RNMCA,NO2,0.0,18.0,44.14941,28.623802,Industrial
646,Constanta_RNMCA,NO2,0.0,27.0,44.14941,28.623802,Industrial
647,Constanta_RNMCA,NO2,26.06,40.0,44.14941,28.623802,Industrial
648,Constanta_RNMCA,O3,0.0,-1,44.248325,28.26123,Industrial
649,Constanta_RNMCA,O3,0.0,-1,44.248325,28.26123,Industrial
650,Covasna_RNMCA,SO2,0.0,24.0,45.875118,25.804455,Background
651,Covasna_RNMCA,CO,0.0,0.0,45.875118,25.804455,Background
652,Galati_RNMCA,SO2,5.42,20.0,45.41881,28.01785,Traffic
653,Galati_RNMCA,PM10,19.6,50.0,45.41881,28.01785,Traffic
654,Galati_RNMCA,PM10,17.67,-1,45.41881,28.01785,Traffic
655,Galati_RNMCA,PM2.5,7.61,25.0,45.431538,28.054741,Background
656,Galati_RNMCA,O3,0.0,0.0,45.47295,28.03394,Background
657,Galati_RNMCA,O3,0.0,-1,45.47295,28.03394,Background
658,Galati_RNMCA,CO,0.0,0.0,45.41119,28.00639,Industrial
659,Gorj_RNMCA,O3,0.0,0.0,44.899094,23.171091,Industrial
660,Gorj_RNMCA,O3,0.0,-1,44.899094,23.171091,Industrial
661,Gorj_RNMCA,NO2,0.0,18.0,44.899094,23.171091,Industrial
662,Gorj_RNMCA,NO2,0.0,27.0,44.899094,23.171091,Industrial
663,Harghita_RNMCA,SO2,3.59,20.0,46.326618,25.811356,Background
664,Harghita_RNMCA,PM10,17.74,-1,46.326618,25.811356,Background
665,Hunedoara_RNMCA,SO2,0.0,24.0,45.871384,22.908752,Industrial
666,Hunedoara_RNMCA,NO2,9.32,-1,45.871384,22.908752,Industrial
667,Hunedoara_RNMCA,NOX as NO2,14.91,30.0,45.871384,22.908752,Industrial
668,Hunedoara_RNMCA,SO2,10.59,20.0,45.895504,22.899347,Industrial
669,Hunedoara_RNMCA,PM10,14.96,-1,45.895504,22.899347,Industrial
670,Hunedoara_RNMCA,PM10,34.52,50.0,45.895504,22.899347,Industrial
671,Hunedoara_RNMCA,NO2,0.0,27.0,45.895504,22.899347,Industrial
672,Hunedoara_RNMCA,NO2,0.0,18.0,45.895504,22.899347,Industrial
673,Hunedoara_RNMCA,NO2,0.0,-1,45.895504,22.899347,Industrial
674,Hunedoara_RNMCA,O3,0.0,-1,45.734566,22.991819,Industrial
675,Hunedoara_RNMCA,O3,0.0,0.0,45.734566,22.991819,Industrial
676,Maramures_RNMCA,SO2,5.59,20.0,47.652035,23.554808,Traffic
677,Maramures_RNMCA,PM10,20.26,-1,47.652035,23.554808,Traffic
678,Maramures_RNMCA,NO2,0.0,-1,47.652035,23.554808,Traffic
679,Maramures_RNMCA,NO2,0.0,18.0,47.652035,23.554808,Traffic
680,Maramures_RNMCA,SO2,0.0,24.0,47.65199,23.57049,Background
681,Maramures_RNMCA,NO2,15.52,-1,47.65199,23.57049,Background
682,Maramures_RNMCA,NOX as NO2,27.18,30.0,47.65199,23.57049,Background
683,Maramures_RNMCA,SO2,6.04,20.0,47.751308,23.605289,Background
684,Maramures_RNMCA,PM10,27.02,-1,47.751308,23.605289,Background
685,Maramures_RNMCA,PM10,49.3,50.0,47.751308,23.605289,Background
686,Maramures_RNMCA,O3,0.0,-1,47.751308,23.605289,Background
687,Maramures_RNMCA,O3,0.0,-1,47.751308,23.605289,Background
688,Maramures_RNMCA,O3,0.0,0.0,47.751308,23.605289,Background
689,Mehedinti_RNMCA,PM10,23.58,40.0,44.627495,22.694174,Industrial
690,Mehedinti_RNMCA,CO,0.0,0.0,44.627495,22.694174,Industrial
691,Mehedinti_RNMCA,PM2.5,19.84,25.0,44.627495,22.694174,Industrial
692,Mures_RNMCA,CO,0.0,0.0,46.533356,24.533613,Industrial
693,Neamt_RNMCA,PM10,23.83,-1,46.929996,26.390005,Background
694,Neamt_RNMCA,O3,0.0,-1,46.929996,26.390005,Background
695,Neamt_RNMCA,O3,0.0,0.0,46.929996,26.390005,Background
696,Neamt_RNMCA,SO2,0.0,24.0,46.950283,26.920002,Industrial
697,Olt_RNMCA,SO2,0.0,-1,44.429447,24.351112,Industrial
698,Olt_RNMCA,PM10,9.0,50.0,44.429447,24.351112,Industrial
699,Olt_RNMCA,NO2,7.46,-1,44.429447,24.351112,Industrial
700,Olt_RNMCA,CO,0.0,0.0,44.429447,24.351112,Industrial
701,Prahova_RNMCA,SO2,11.21,20.0,44.941032,25.998533,Traffic
702,Prahova_RNMCA,PM10,27.11,-1,44.941032,25.998533,Traffic
703,Prahova_RNMCA,SO2,0.0,24.0,44.939201,26.025902,Background
704,Prahova_RNMCA,C6H6,1.64,5.0,44.939201,26.025902,Background
705,Prahova_RNMCA,PM10,28.96,-1,44.984646,26.018019,Background
706,Prahova_RNMCA,PM10,47.43,50.0,44.984646,26.018019,Background
707,Prahova_RNMCA,O3,0.0,0.0,44.984646,26.018019,Background
708,Prahova_RNMCA,O3,0.0,-1,44.984646,26.018019,Background
709,Prahova_RNMCA,O3,0.0,-1,44.984646,26.018019,Background
710,Prahova_RNMCA,SO2,0.0,24.0,44.850227,26.025917,Industrial
711,Prahova_RNMCA,C6H6,1.47,5.0,44.850227,26.025917,Industrial
712,Prahova_RNMCA,C6H6,1.47,-1,44.850227,26.025917,Industrial
713,Prahova_RNMCA,SO2,0.0,3.0,44.943607,26.048607,Industrial
714,Prahova_RNMCA,NO2,0.0,27.0,44.943607,26.048607,Industrial
715,Prahova_RNMCA,NOX as NO2,42.09,30.0,44.943607,26.048607,Industrial
716,Satu Mare_RNMCA,PM10,21.0,50.0,47.799683,22.877022,Background
717,Sibiu_RNMCA,SO2,0.0,24.0,45.785114,24.153469,Background
718,Sibiu_RNMCA,SO2,6.79,20.0,45.797497,24.184441,Industrial
719,Sibiu_RNMCA,SO2,0.0,24.0,46.113052,24.229443,Industrial
720,Suceava_RNMCA,PM10,27.24,40.0,47.649185,26.24905,Background
721,Suceava_RNMCA,CO,0.0,0.0,47.649185,26.24905,Background
722,Timis_RNMCA,PM10,25.78,-1,45.728092,21.355139,Traffic
723,Timis_RNMCA,SO2,0.0,24.0,45.755493,21.227453,Background
724,Timis_RNMCA,PM2.5,9.94,25.0,45.755493,21.227453,Background
725,Timis_RNMCA,O3,0.0,-1,45.913494,21.151775,Background
726,Timis_RNMCA,O3,0.0,0.0,45.913494,21.151775,Background
727,Timis_RNMCA,SO2,0.0,-1,45.736702,21.250942,Industrial
728,Timis_RNMCA,NO2,26.01,-1,45.736702,21.250942,Industrial
729,Timis_RNMCA,CO,0.0,0.0,45.736702,21.250942,Industrial
730,Timis_RNMCA,SO2,15.08,20.0,45.776657,21.220881,Traffic
731,Timis_RNMCA,PM10,34.39,-1,45.776657,21.220881,Traffic
732,Timis_RNMCA,NO2,0.0,18.0,45.776657,21.220881,Traffic
733,Timis_RNMCA,NO2,0.0,-1,45.776657,21.220881,Traffic
734,Tulcea_RNMCA,SO2,0.0,24.0,45.176094,28.774727,Industrial
735,Valcea_RNMCA,SO2,0.0,24.0,45.08273,24.36979,Background
736,Valcea_RNMCA,PM10,48.25,50.0,45.08273,24.36979,Background
737,Valcea_RNMCA,NOX as NO2,7.08,30.0,45.08273,24.36979,Background
738,Valcea_RNMCA,C6H6,1.13,5.0,45.08273,24.36979,Background
739,Valcea_RNMCA,C6H6,1.13,-1,45.08273,24.36979,Background
740,Valcea_RNMCA,PM2.5,19.46,25.0,45.08273,24.36979,Background
741,Valcea_RNMCA,O3,0.0,-1,45.038834,24.298624,Industrial
742,Valcea_RNMCA,O3,0.0,-1,45.038834,24.298624,Industrial
743,Valcea_RNMCA,O3,0.0,0.0,45.038834,24.298624,Industrial
744,Valcea_RNMCA,NO2,0.0,27.0,45.038834,24.298624,Industrial
745,Valcea_RNMCA,NO2,12.35,40.0,45.038834,24.298624,Industrial
746,Valcea_RNMCA,NO2,12.35,60.0,45.038834,24.298624,Industrial
747,Vaslui_RNMCA,CO,0.0,0.0,46.632141,27.730886,Background
748,Suceava_RNMCA,PM10,0.0,50.0,47.324791,25.134665,Background
749,Suceava_RNMCA,PM10,32.34,50.0,47.324791,25.134665,Background
750,Suceava_RNMCA,O3,0.0,0.0,47.324791,25.134665,Background
751,Suceava_RNMCA,O3,0.0,-1,47.324791,25.134665,Background
752,Arad_RNMCA,SO2,0.0,-1,46.166817,20.736851,Traffic
753,Arad_RNMCA,PM10,0.0,50.0,46.166817,20.736851,Traffic
754,Arges_RNMCA,SO2,0.0,3.0,45.286194,25.080584,Industrial
755,Arges_RNMCA,SO2,19.54,20.0,45.286194,25.080584,Industrial
756,Caras_RNMCA,SO2,13.37,20.0,44.723309,21.633366,Traffic
757,Caras_RNMCA,SO2,0.0,-1,45.36314,22.24314,Traffic
758,Caras_RNMCA,PM10,8.0,50.0,45.36314,22.24314,Traffic
759,Caras_RNMCA,CO,0.0,0.0,45.36314,22.24314,Traffic
760,Giurgiu_RNMCA,SO2,0.0,24.0,43.875435,25.93178,Industrial
761,Giurgiu_RNMCA,PM10,21.95,40.0,43.912903,25.974134,Traffic
762,Giurgiu_RNMCA,CO,0.0,0.0,43.912903,25.974134,Traffic
763,Giurgiu_RNMCA,O3,0.0,-1,43.963814,26.038738,Background
764,Giurgiu_RNMCA,O3,0.0,-1,43.963814,26.038738,Background
765,Giurgiu_RNMCA,O3,0.0,0.0,43.963814,26.038738,Background
766,Giurgiu_RNMCA,PM2.5,10.52,26.0,43.963814,26.038738,Background
767,Gorj_RNMCA,SO2,0.0,-1,44.68211,23.375156,Industrial
768,Gorj_RNMCA,PM10,14.0,50.0,44.68211,23.375156,Industrial
769,Gorj_RNMCA,NO2,22.27,-1,44.68211,23.375156,Industrial
770,Mures_RNMCA,SO2,0.0,24.0,46.334091,24.308413,Industrial
771,Suceava_RNMCA,PM10,6.0,50.0,47.953182,26.068127,Traffic
772,Suceava_RNMCA,NO2,18.31,60.0,47.953182,26.068127,Traffic
773,Suceava_RNMCA,NO2,18.31,-1,47.953182,26.068127,Traffic
774,Teleorman_RNMCA,SO2,15.31,20.0,43.980331,25.312403,Background
775,Teleorman_RNMCA,PM10,22.94,40.0,43.980331,25.312403,Background
776,Teleorman_RNMCA,PM10,22.94,-1,43.980331,25.312403,Background
777,Teleorman_RNMCA,O3,0.0,-1,43.980331,25.312403,Background
778,Teleorman_RNMCA,NO2,0.0,-1,43.980331,25.312403,Background
779,Teleorman_RNMCA,SO2,0.0,24.0,43.757984,24.9018,Industrial
780,Teleorman_RNMCA,NO2,16.71,-1,43.757984,24.9018,Industrial
781,Teleorman_RNMCA,NOX as NO2,28.09,30.0,43.757984,24.9018,Industrial
782,Iasi_retea,SO2,0.0,24.0,47.21561,27.768663,Background
783,Iasi_retea,PM10,49.84,50.0,47.21561,27.768663,Background
784,Timis_RNMCA,SO2,0.0,24.0,45.257939,21.266975,Background
785,Hunedoara_RNMCA,PM10,14.37,40.0,45.37313,23.2786,Industrial
786,Hunedoara_RNMCA,CO,0.0,0.0,45.37313,23.2786,Industrial
787,Giurgiu_RNMCA,SO2,0.0,3.0,43.895522,25.956497,Background
788,Giurgiu_RNMCA,SO2,15.0,20.0,43.895522,25.956497,Background
789,Giurgiu_RNMCA,NO2,0.0,18.0,43.895522,25.956497,Background
790,Giurgiu_RNMCA,NO2,0.0,27.0,43.895522,25.956497,Background
791,Giurgiu_RNMCA,NO2,0.0,-1,43.895522,25.956497,Background
792,Bucuresti_RNMCA,Ni in PM10,3.86,10.0,44.411114,26.184734,Industrial
793,Bucuresti_RNMCA,Pb in PM10,0.01,0.5,44.395836,26.148348,Industrial
794,Bucuresti_RNMCA,Ni in PM10,5.04,10.0,44.395836,26.148348,Industrial
795,Bucuresti_RNMCA,Cd in PM10,0.56,5.0,44.42889,26.120836,Traffic
796,Alba_RNMCA,Cd in PM10,0.09,5.0,46.064224,23.563482,Background
797,Bacau_RNMCA,Ni in PM10,2.06,10.0,46.555931,26.927031,Industrial
798,Bihor_RNMCA,Pb in PM10,0.0,0.5,47.068611,21.927238,Background
799,Brasov_RNMCA,Ni in PM10,4.22,10.0,45.718143,25.62414,Background
800,Constanta_RNMCA,Pb in PM10,0.01,0.5,44.177952,28.636391,Traffic
801,Constanta_RNMCA,Ni in PM10,4.48,10.0,44.177952,28.636391,Traffic
802,Constanta_RNMCA,Pb in PM10,0.01,0.5,44.312351,28.623131,Background
803,Constanta_RNMCA,Ni in PM10,4.33,10.0,44.14941,28.623802,Industrial
804,Constanta_RNMCA,Pb in PM10,0.01,0.5,44.248325,28.26123,Industrial
805,Constanta_RNMCA,Ni in PM10,4.74,10.0,44.248325,28.26123,Industrial
806,Constanta_RNMCA,As in PM10,0.69,6.0,44.248325,28.26123,Industrial
807,Gorj_RNMCA,Ni in PM10,1.17,10.0,44.899094,23.171091,Industrial
808,Hunedoara_RNMCA,Pb in PM10,0.01,0.5,45.895504,22.899347,Industrial
809,Maramures_RNMCA,Pb in PM10,0.01,0.5,47.652035,23.554808,Traffic
810,Maramures_RNMCA,Cd in PM10,0.33,5.0,47.652035,23.554808,Traffic
811,Prahova_RNMCA,Pb in PM10,0.01,0.5,44.941032,25.998533,Traffic
812,Prahova_RNMCA,Ni in PM10,0.92,10.0,44.941032,25.998533,Traffic
813,Prahova_RNMCA,Pb in PM10,0.01,0.5,44.984646,26.018019,Background
814,Prahova_RNMCA,Ni in PM10,1.8,10.0,44.92292,26.036814,Traffic
815,Sibiu_RNMCA,Ni in PM10,1.56,10.0,46.15889,24.339998,Industrial
816,Timis_RNMCA,Ni in PM10,2.06,10.0,45.913494,21.151775,Background
817,Tulcea_RNMCA,Pb in PM10,0.02,0.5,45.180481,28.787367,Traffic
818,Tulcea_RNMCA,Ni in PM10,1.52,10.0,45.180481,28.787367,Traffic
819,Tulcea_RNMCA,As in PM10,1.69,6.0,45.180481,28.787367,Traffic
820,Teleorman_RNMCA,Pb in PM10,0.01,0.5,43.980331,25.312403,Background
821,Bucuresti_RNMCA,PM10,23.0,50.0,44.411114,26.184734,Industrial
822,Bucuresti_RNMCA,PM10,48.0,50.0,44.411114,26.184734,Industrial
823,Bucuresti_RNMCA,PM10,27.95,40.0,44.395836,26.148348,Industrial
824,Bucuresti_RNMCA,PM10,24.48,-1,44.348888,26.033613,Background
825,Bucuresti_RNMCA,PM2.5,17.81,26.0,44.616665,26.116667,Background
826,Cluj,PM2.5,20.28,25.0,46.775002,23.596678,Background
827,Cluj,PM10,29.67,40.0,46.765278,23.550278,Background
828,Craiova,SO2,0.0,24.0,44.318611,23.806116,Traffic
829,Craiova,SO2,0.0,3.0,44.318611,23.806116,Traffic
830,Craiova,SO2,0.0,3.0,44.326664,23.778622,Traffic
831,Craiova,SO2,0.0,24.0,44.326664,23.778622,Traffic
832,Craiova,PM10,51.32,50.0,44.326664,23.778622,Traffic
833,Craiova,NO2,0.0,27.0,44.326664,23.778622,Traffic
834,Craiova,NOX as NO2,44.53,30.0,44.326664,23.778622,Traffic
835,Cluj,PM10,44.97,50.0,46.778332,23.61557,Traffic
836,Cluj,PM10,44.97,50.0,46.778332,23.61557,Traffic
837,Iasi_retea,PM10,38.02,40.0,47.156667,27.574722,Traffic
838,Iasi_retea,NO2,27.77,-1,47.151112,27.583614,Background
839,Iasi_retea,PM2.5,21.57,-1,47.151112,27.583614,Background
840,Iasi_retea,SO2,3.79,20.0,47.158058,27.614458,Industrial
841,Iasi_retea,O3,0.0,-1,47.158058,27.614458,Industrial
842,Iasi_retea,O3,0.0,-1,47.158058,27.614458,Industrial
843,Iasi_retea,NO2,0.0,-1,47.158058,27.614458,Industrial
844,Iasi_retea,NO2,0.0,18.0,47.158058,27.614458,Industrial
845,Iasi_retea,SO2,0.0,3.0,47.198891,27.545277,Background
846,Iasi_retea,SO2,0.0,24.0,47.198891,27.545277,Background
847,Iasi_retea,PM10,37.43,50.0,47.198891,27.545277,Background
848,Iasi_retea,SO2,0.0,3.0,47.13716,27.693067,Background
849,Iasi_retea,PM10,50.0,50.0,47.13716,27.693067,Background
850,Iasi_retea,PM10,50.0,50.0,47.13716,27.693067,Background
851,Iasi_retea,O3,0.0,-1,47.13716,27.693067,Background
852,Iasi_retea,O3,0.0,0.0,47.13716,27.693067,Background
853,Alba_RNMCA,O3,0.0,-1,46.064224,23.563482,Background
854,Alba_RNMCA,NO2,21.16,-1,46.064224,23.563482,Background
855,Alba_RNMCA,NO2,0.0,18.0,46.064224,23.563482,Background
856,Alba_RNMCA,CO,0.0,0.0,46.064224,23.563482,Background
857,Alba_RNMCA,SO2,3.39,20.0,45.9669,23.561399,Industrial
858,Alba_RNMCA,O3,0.0,-1,45.9669,23.561399,Industrial
859,Alba_RNMCA,O3,0.0,-1,45.9669,23.561399,Industrial
860,Alba_RNMCA,PM10,46.78,50.0,46.108295,23.225601,Industrial
861,Alba_RNMCA,NO2,0.0,27.0,46.108295,23.225601,Industrial
862,Alba_RNMCA,NOX as NO2,20.09,30.0,46.108295,23.225601,Industrial
863,Arad_RNMCA,PM10,39.15,50.0,46.181389,21.334721,Traffic
864,Arad_RNMCA,PM10,39.15,50.0,46.181389,21.334721,Traffic
865,Arad_RNMCA,O3,1.0,0.0,46.181389,21.334721,Traffic
866,Arad_RNMCA,O3,0.0,-1,46.181389,21.334721,Traffic
867,Arad_RNMCA,SO2,0.0,-1,46.190552,21.302483,Background
868,Arad_RNMCA,PM10,4.0,50.0,46.190552,21.302483,Background
869,Arad_RNMCA,PM10,31.16,50.0,46.190552,21.302483,Background
870,Arad_RNMCA,O3,0.0,-1,46.190552,21.302483,Background
871,Arad_RNMCA,NO2,14.42,40.0,46.190552,21.302483,Background
872,Arad_RNMCA,NO2,14.42,60.0,46.190552,21.302483,Background
873,Arges_RNMCA,SO2,18.23,20.0,44.858171,24.87715,Background
874,Arges_RNMCA,O3,0.0,-1,44.858171,24.87715,Background
875,Arges_RNMCA,O3,0.0,-1,44.858171,24.87715,Background
876,Arges_RNMCA,PM2.5,13.38,-1,44.858171,24.87715,Background
877,Arges_RNMCA,CO,0.0,0.0,44.980608,24.762619,Background
878,Arges_RNMCA,O3,0.0,-1,44.755625,24.97548,Industrial
879,Arges_RNMCA,O3,0.0,-1,44.755625,24.97548,Industrial
880,Bacau_RNMCA,SO2,0.0,3.0,46.564594,26.910671,Background
881,Bacau_RNMCA,PM10,30.17,50.0,46.564594,26.910671,Background
882,Bacau_RNMCA,O3,0.0,0.0,46.564594,26.910671,Background
883,Bacau_RNMCA,O3,0.0,-1,46.564594,26.910671,Background
884,Bacau_RNMCA,SO2,0.0,-1,46.555931,26.927031,Industrial
885,Bacau_RNMCA,PM10,0.0,50.0,46.555931,26.927031,Industrial
886,Bacau_RNMCA,PM10,31.18,50.0,46.555931,26.927031,Industrial
887,Bacau_RNMCA,SO2,0.0,-1,46.256931,26.793091,Industrial
888,Bacau_RNMCA,O3,0.0,-1,46.256931,26.793091,Industrial
889,Bihor_RNMCA,CO,0.0,0.0,47.068611,21.927238,Background
890,Bihor_RNMCA,SO2,5.61,20.0,47.097504,21.901402,Industrial
891,Bihor_RNMCA,PM10,20.79,-1,47.097504,21.901402,Industrial
892,Bihor_RNMCA,O3,0.0,-1,47.097504,21.901402,Industrial
893,Bihor_RNMCA,O3,0.0,-1,47.097504,21.901402,Industrial
894,Bistrita_RNMCA,SO2,0.0,24.0,47.127377,24.495428,Background
895,Bistrita_RNMCA,SO2,0.0,3.0,47.127377,24.495428,Background
896,Botosani_RNMCA,SO2,0.0,3.0,47.739891,26.658577,Background
897,Botosani_RNMCA,PM10,49.92,50.0,47.739891,26.658577,Background
898,Botosani_RNMCA,PM2.5,16.82,25.0,47.739891,26.658577,Background
899,Botosani_RNMCA,PM2.5,16.82,26.0,47.739891,26.658577,Background
900,Braila_RNMCA,O3,0.0,-1,45.26297,27.96966,Background
901,Brasov_RNMCA,PM10,41.61,50.0,45.637714,25.63068,Traffic
902,Brasov_RNMCA,PM2.5,13.16,25.0,45.64975,25.603586,Background
903,Brasov_RNMCA,PM2.5,13.16,25.0,45.64975,25.603586,Background
904,Brasov_RNMCA,PM10,43.79,50.0,45.65937,25.616217,Traffic
905,Brasov_RNMCA,O3,0.0,-1,45.65937,25.616217,Traffic
906,Brasov_RNMCA,O3,0.0,0.0,45.65937,25.616217,Traffic
907,Brasov_RNMCA,NO2,0.0,18.0,45.65937,25.616217,Traffic
908,Brasov_RNMCA,NO2,0.0,27.0,45.65937,25.616217,Traffic
909,Brasov_RNMCA,NO2,0.0,27.0,45.65937,25.616217,Traffic
910,Brasov_RNMCA,O3,0.0,-1,45.718143,25.62414,Background
911,Buzau_RNMCA,PM10,21.98,40.0,45.153606,26.819145,Background
912,Caras_RNMCA,PM10,0.0,50.0,45.299332,21.872139,Industrial
913,Caras_RNMCA,PM10,20.71,50.0,45.299332,21.872139,Industrial
914,Caras_RNMCA,PM10,0.0,50.0,45.518608,22.352751,Industrial
915,Caras_RNMCA,O3,0.0,-1,45.518608,22.352751,Industrial
916,Constanta_RNMCA,PM10,30.47,40.0,44.177952,28.636391,Traffic
917,Constanta_RNMCA,SO2,0.0,3.0,44.312351,28.623131,Background
918,Constanta_RNMCA,SO2,0.0,24.0,44.312351,28.623131,Background
919,Constanta_RNMCA,SO2,0.0,3.0,43.815163,28.582516,Traffic
920,Constanta_RNMCA,PM10,35.79,50.0,43.815163,28.582516,Traffic
921,Constanta_RNMCA,NO2,0.0,18.0,43.815163,28.582516,Traffic
922,Constanta_RNMCA,NO2,0.0,27.0,43.815163,28.582516,Traffic
923,Constanta_RNMCA,NO2,0.0,27.0,43.815163,28.582516,Traffic
924,Constanta_RNMCA,PM10,4.0,50.0,44.14941,28.623802,Industrial
925,Constanta_RNMCA,PM10,39.61,50.0,44.14941,28.623802,Industrial
926,Constanta_RNMCA,NO2,26.06,60.0,44.14941,28.623802,Industrial
927,Constanta_RNMCA,O3,0.0,-1,44.319626,28.610256,Industrial
928,Constanta_RNMCA,PM10,27.41,40.0,44.248325,28.26123,Industrial
929,Constanta_RNMCA,CO,0.0,0.0,44.248325,28.26123,Industrial
930,Covasna_RNMCA,SO2,15.56,20.0,45.875118,25.804455,Background
931,Covasna_RNMCA,O3,0.0,-1,45.875118,25.804455,Background
932,Covasna_RNMCA,O3,0.0,-1,45.875118,25.804455,Background
933,Galati_RNMCA,SO2,0.0,3.0,45.41881,28.01785,Traffic
934,Galati_RNMCA,SO2,0.0,24.0,45.41881,28.01785,Traffic
935,Galati_RNMCA,O3,0.0,0.0,45.431538,28.054741,Background
936,Galati_RNMCA,O3,0.0,-1,45.431538,28.054741,Background
937,Galati_RNMCA,PM2.5,7.61,25.0,45.431538,28.054741,Background
938,Galati_RNMCA,PM2.5,7.61,26.0,45.431538,28.054741,Background
939,Galati_RNMCA,SO2,0.0,-1,45.47295,28.03394,Background
940,Galati_RNMCA,O3,0.0,-1,45.47295,28.03394,Background
941,Galati_RNMCA,C6H6,0.28,-1,45.47295,28.03394,Background
942,Galati_RNMCA,SO2,0.0,-1,45.41119,28.00639,Industrial
943,Galati_RNMCA,O3,0.0,-1,45.41119,28.00639,Industrial
944,Gorj_RNMCA,SO2,0.0,-1,44.899094,23.171091,Industrial
945,Gorj_RNMCA,PM10,28.0,50.0,44.899094,23.171091,Industrial
946,Gorj_RNMCA,PM10,48.96,50.0,44.899094,23.171091,Industrial
947,Gorj_RNMCA,O3,0.0,-1,44.899094,23.171091,Industrial
948,Gorj_RNMCA,NO2,18.15,40.0,44.899094,23.171091,Industrial
949,Gorj_RNMCA,NO2,18.15,60.0,44.899094,23.171091,Industrial
950,Harghita_RNMCA,PM10,17.74,40.0,46.326618,25.811356,Background
951,Hunedoara_RNMCA,SO2,9.37,20.0,45.871384,22.908752,Industrial
952,Hunedoara_RNMCA,PM10,14.57,-1,45.871384,22.908752,Industrial
953,Hunedoara_RNMCA,O3,0.0,-1,45.871384,22.908752,Industrial
954,Hunedoara_RNMCA,O3,3.0,-1,45.871384,22.908752,Industrial
955,Hunedoara_RNMCA,NO2,0.0,-1,45.871384,22.908752,Industrial
956,Hunedoara_RNMCA,NO2,0.0,18.0,45.871384,22.908752,Industrial
957,Hunedoara_RNMCA,SO2,1.0,24.0,45.895504,22.899347,Industrial
958,Hunedoara_RNMCA,SO2,0.0,3.0,45.895504,22.899347,Industrial
959,Hunedoara_RNMCA,NO2,0.0,27.0,45.895504,22.899347,Industrial
960,Hunedoara_RNMCA,NOX as NO2,28.11,30.0,45.895504,22.899347,Industrial
961,Hunedoara_RNMCA,SO2,0.0,-1,45.734566,22.991819,Industrial
962,Hunedoara_RNMCA,O3,0.0,-1,45.734566,22.991819,Industrial
963,Maramures_RNMCA,PM10,20.26,40.0,47.652035,23.554808,Traffic
964,Maramures_RNMCA,NO2,22.46,-1,47.652035,23.554808,Traffic
965,Maramures_RNMCA,CO,0.0,0.0,47.652035,23.554808,Traffic
966,Maramures_RNMCA,SO2,4.89,20.0,47.65199,23.57049,Background
967,Maramures_RNMCA,O3,0.0,-1,47.65199,23.57049,Background
968,Maramures_RNMCA,O3,0.0,-1,47.65199,23.57049,Background
969,Maramures_RNMCA,NO2,0.0,-1,47.65199,23.57049,Background
970,Maramures_RNMCA,NO2,0.0,18.0,47.65199,23.57049,Background
971,Maramures_RNMCA,SO2,0.0,3.0,47.751308,23.605289,Background
972,Maramures_RNMCA,SO2,0.0,24.0,47.751308,23.605289,Background
973,Mehedinti_RNMCA,SO2,0.0,-1,44.627495,22.694174,Industrial
974,Mehedinti_RNMCA,PM10,7.0,50.0,44.627495,22.694174,Industrial
975,Mehedinti_RNMCA,NO2,39.33,40.0,44.627495,22.694174,Industrial
976,Mehedinti_RNMCA,NO2,39.33,60.0,44.627495,22.694174,Industrial
977,Mures_RNMCA,O3,0.0,-1,46.533356,24.533613,Industrial
978,Mures_RNMCA,O3,0.0,-1,46.533356,24.533613,Industrial
979,Neamt_RNMCA,SO2,0.0,24.0,46.929996,26.390005,Background
980,Neamt_RNMCA,SO2,0.0,3.0,46.929996,26.390005,Background
981,Neamt_RNMCA,PM10,36.89,50.0,46.929996,26.390005,Background
982,Neamt_RNMCA,SO2,0.0,3.0,46.950283,26.920002,Industrial
983,Olt_RNMCA,PM10,24.52,40.0,44.429447,24.351112,Industrial
984,Olt_RNMCA,O3,0.0,-1,44.429447,24.351112,Industrial
985,Olt_RNMCA,NO2,7.46,40.0,44.429447,24.351112,Industrial
986,Olt_RNMCA,NO2,7.46,60.0,44.429447,24.351112,Industrial
987,Prahova_RNMCA,PM10,27.11,40.0,44.941032,25.998533,Traffic
988,Prahova_RNMCA,SO2,12.0,20.0,44.939201,26.025902,Background
989,Prahova_RNMCA,O3,0.0,-1,44.939201,26.025902,Background
990,Prahova_RNMCA,O3,0.0,-1,44.939201,26.025902,Background
991,Prahova_RNMCA,PM2.5,17.98,-1,44.939201,26.025902,Background
992,Prahova_RNMCA,SO2,0.0,3.0,44.850227,26.025917,Industrial
993,Prahova_RNMCA,O3,0.0,0.0,44.850227,26.025917,Industrial
994,Prahova_RNMCA,O3,0.0,-1,44.850227,26.025917,Industrial
995,Prahova_RNMCA,SO2,0.0,-1,44.92292,26.036814,Traffic
996,Prahova_RNMCA,PM10,33.0,50.0,44.92292,26.036814,Traffic
997,Prahova_RNMCA,PM10,55.41,50.0,44.92292,26.036814,Traffic
998,Prahova_RNMCA,PM10,53.61,50.0,44.943607,26.048607,Industrial
999,Prahova_RNMCA,PM10,53.61,50.0,44.943607,26.048607,Industrial
1000,Prahova_RNMCA,O3,0.0,-1,44.943607,26.048607,Industrial
1001,Prahova_RNMCA,O3,0.0,0.0,44.943607,26.048607,Industrial
1002,Prahova_RNMCA,NO2,0.0,18.0,44.943607,26.048607,Industrial
1003,Prahova_RNMCA,NO2,0.0,27.0,44.943607,26.048607,Industrial
1004,Salaj_RNMCA,PM10,5.0,50.0,47.195065,23.046906,Industrial
1005,Salaj_RNMCA,PM10,41.98,50.0,47.195065,23.046906,Industrial
1006,Satu Mare_RNMCA,PM10,27.75,40.0,47.799683,22.877022,Background
1007,Sibiu_RNMCA,SO2,6.5,20.0,45.785114,24.153469,Background
1008,Sibiu_RNMCA,PM10,21.22,-1,45.785114,24.153469,Background
1009,Sibiu_RNMCA,O3,0.0,-1,45.785114,24.153469,Background
1010,Sibiu_RNMCA,O3,0.0,-1,45.785114,24.153469,Background
1011,Sibiu_RNMCA,PM2.5,11.79,-1,45.785114,24.153469,Background
1012,Sibiu_RNMCA,SO2,0.0,24.0,45.797497,24.184441,Industrial
1013,Sibiu_RNMCA,SO2,0.0,3.0,45.797497,24.184441,Industrial
1014,Sibiu_RNMCA,SO2,0.0,3.0,46.113052,24.229443,Industrial
1015,Sibiu_RNMCA,O3,0.0,0.0,46.113052,24.229443,Industrial
1016,Sibiu_RNMCA,O3,0.0,-1,46.113052,24.229443,Industrial
1017,Sibiu_RNMCA,SO2,0.0,-1,46.15889,24.339998,Industrial
1018,Sibiu_RNMCA,PM10,9.0,50.0,46.15889,24.339998,Industrial
1019,Sibiu_RNMCA,PM10,39.97,50.0,46.15889,24.339998,Industrial
1020,Suceava_RNMCA,SO2,0.0,-1,47.649185,26.24905,Background
1021,Suceava_RNMCA,PM10,13.0,50.0,47.649185,26.24905,Background
1022,Suceava_RNMCA,O3,0.0,-1,47.649185,26.24905,Background
1023,Timis_RNMCA,SO2,0.0,24.0,45.728092,21.355139,Traffic
1024,Timis_RNMCA,SO2,0.0,3.0,45.728092,21.355139,Traffic
1025,Timis_RNMCA,PM10,41.07,50.0,45.728092,21.355139,Traffic
1026,Timis_RNMCA,C6H6,1.04,5.0,45.728092,21.355139,Traffic
1027,Timis_RNMCA,SO2,0.0,3.0,45.755493,21.227453,Background
1028,Timis_RNMCA,O3,0.0,-1,45.755493,21.227453,Background
1029,Timis_RNMCA,O3,0.0,0.0,45.755493,21.227453,Background
1030,Timis_RNMCA,PM2.5,9.94,25.0,45.755493,21.227453,Background
1031,Timis_RNMCA,PM2.5,9.94,26.0,45.755493,21.227453,Background
1032,Timis_RNMCA,PM10,2.0,50.0,45.913494,21.151775,Background
1033,Timis_RNMCA,PM10,26.71,50.0,45.913494,21.151775,Background
1034,Timis_RNMCA,O3,0.0,-1,45.913494,21.151775,Background
1035,Timis_RNMCA,C6H6,1.11,-1,45.913494,21.151775,Background
1036,Timis_RNMCA,O3,0.0,-1,45.736702,21.250942,Industrial
1037,Timis_RNMCA,NO2,26.01,40.0,45.736702,21.250942,Industrial
1038,Timis_RNMCA,NO2,26.01,60.0,45.736702,21.250942,Industrial
1039,Timis_RNMCA,PM10,34.39,40.0,45.776657,21.220881,Traffic
1040,Timis_RNMCA,NO2,29.5,-1,45.776657,21.220881,Traffic
1041,Tulcea_RNMCA,SO2,3.46,20.0,45.176094,28.774727,Industrial
1042,Tulcea_RNMCA,O3,0.0,-1,45.176094,28.774727,Industrial
1043,Tulcea_RNMCA,O3,0.0,-1,45.176094,28.774727,Industrial
1044,Valcea_RNMCA,SO2,0.0,3.0,45.08273,24.36979,Background
1045,Valcea_RNMCA,PM10,48.25,50.0,45.08273,24.36979,Background
1046,Valcea_RNMCA,O3,0.0,-1,45.08273,24.36979,Background
1047,Valcea_RNMCA,O3,0.0,0.0,45.08273,24.36979,Background
1048,Valcea_RNMCA,NO2,0.0,27.0,45.08273,24.36979,Background
1049,Valcea_RNMCA,NO2,0.0,18.0,45.08273,24.36979,Background
1050,Valcea_RNMCA,NO2,0.0,27.0,45.08273,24.36979,Background
1051,Valcea_RNMCA,PM2.5,19.46,25.0,45.08273,24.36979,Background
1052,Valcea_RNMCA,PM2.5,19.46,26.0,45.08273,24.36979,Background
1053,Valcea_RNMCA,NO2,0.0,18.0,45.038834,24.298624,Industrial
1054,Vaslui_RNMCA,SO2,0.0,-1,46.632141,27.730886,Background
1055,Tulcea_RNMCA,PM10,28.48,40.0,45.180481,28.787367,Traffic
1056,Suceava_RNMCA,PM10,32.34,50.0,47.324791,25.134665,Background
1057,Suceava_RNMCA,O3,0.0,-1,47.324791,25.134665,Background
1058,Arad_RNMCA,PM10,18.33,40.0,46.166817,20.736851,Traffic
1059,Arges_RNMCA,SO2,0.0,24.0,45.286194,25.080584,Industrial
1060,Caras_RNMCA,PM10,21.08,40.0,45.36314,22.24314,Traffic
1061,Giurgiu_RNMCA,SO2,0.0,3.0,43.875435,25.93178,Industrial
1062,Giurgiu_RNMCA,NO2,0.0,18.0,43.875435,25.93178,Industrial
1063,Giurgiu_RNMCA,NO2,0.0,27.0,43.875435,25.93178,Industrial
1064,Giurgiu_RNMCA,NO2,0.0,27.0,43.875435,25.93178,Industrial
1065,Giurgiu_RNMCA,NOX as NO2,18.02,30.0,43.875435,25.93178,Industrial
1066,Giurgiu_RNMCA,SO2,26.8,20.0,43.912903,25.974134,Traffic
1067,Giurgiu_RNMCA,PM10,21.95,-1,43.912903,25.974134,Traffic
1068,Giurgiu_RNMCA,NO2,0.0,18.0,43.912903,25.974134,Traffic
1069,Giurgiu_RNMCA,NO2,0.0,-1,43.912903,25.974134,Traffic
1070,Giurgiu_RNMCA,NO2,26.5,-1,43.912903,25.974134,Traffic
1071,Gorj_RNMCA,PM10,21.6,40.0,44.68211,23.375156,Industrial
1072,Gorj_RNMCA,NO2,22.27,40.0,44.68211,23.375156,Industrial
1073,Gorj_RNMCA,NO2,22.27,60.0,44.68211,23.375156,Industrial
1074,Mures_RNMCA,SO2,12.46,20.0,46.334091,24.308413,Industrial
1075,Suceava_RNMCA,PM10,23.03,40.0,47.953182,26.068127,Traffic
1076,Suceava_RNMCA,NO2,18.31,40.0,47.953182,26.068127,Traffic
1077,Teleorman_RNMCA,O3,0.0,-1,43.980331,25.312403,Background
1078,Teleorman_RNMCA,NO2,20.24,-1,43.980331,25.312403,Background
1079,Teleorman_RNMCA,NO2,0.0,18.0,43.980331,25.312403,Background
1080,Teleorman_RNMCA,CO,0.0,0.0,43.980331,25.312403,Background
1081,Teleorman_RNMCA,SO2,16.19,20.0,43.757984,24.9018,Industrial
1082,Teleorman_RNMCA,PM10,22.18,-1,43.757984,24.9018,Industrial
1083,Teleorman_RNMCA,O3,0.0,-1,43.757984,24.9018,Industrial
1084,Teleorman_RNMCA,O3,0.0,-1,43.757984,24.9018,Industrial
1085,Teleorman_RNMCA,NO2,0.0,-1,43.757984,24.9018,Industrial
1086,Teleorman_RNMCA,NO2,0.0,18.0,43.757984,24.9018,Industrial
1087,Timis_RNMCA,C6H6,1.13,5.0,45.694717,21.893414,Industrial
1088,Iasi_retea,SO2,0.0,3.0,47.21561,27.768663,Background
1089,Iasi_retea,PM10,49.84,50.0,47.21561,27.768663,Background
1090,Neamt_RNMCA,SO2,0.0,-1,46.898746,26.034065,Industrial
1091,Vaslui_RNMCA,PM10,0.0,50.0,46.677389,28.1011,Background
1092,Vaslui_RNMCA,PM10,39.2,50.0,46.677389,28.1011,Background
1093,Timis_RNMCA,SO2,14.09,20.0,45.257939,21.266975,Background
1094,Timis_RNMCA,PM10,21.73,-1,45.257939,21.266975,Background
1095,Hunedoara_RNMCA,PM10,2.0,50.0,45.37313,23.2786,Industrial
1096,Giurgiu_RNMCA,SO2,0.0,24.0,43.895522,25.956497,Background
1097,Giurgiu_RNMCA,NOX as NO2,29.23,30.0,43.895522,25.956497,Background
1098,Harghita_RNMCA,PM2.5,18.29,-1,46.326618,25.811356,Background
1099,Bucuresti_RNMCA,Cd in PM10,0.75,5.0,44.395836,26.148348,Industrial
1100,Bucuresti_RNMCA,Pb in PM10,0.01,0.5,44.42889,26.120836,Traffic
1101,Bucuresti_RNMCA,Pb in PM10,0.01,0.5,44.348888,26.033613,Background
1102,Alba_RNMCA,Pb in PM10,0.01,0.5,46.064224,23.563482,Background
1103,Alba_RNMCA,As in PM10,0.69,6.0,46.064224,23.563482,Background
1104,Bihor_RNMCA,Pb in PM10,0.0,0.5,47.097504,21.901402,Industrial
1105,Constanta_RNMCA,Cd in PM10,0.32,5.0,44.177952,28.636391,Traffic
1106,Constanta_RNMCA,Cd in PM10,0.41,5.0,44.248325,28.26123,Industrial
1107,Hunedoara_RNMCA,Pb in PM10,0.01,0.5,45.871384,22.908752,Industrial
1108,Olt_RNMCA,Cd in PM10,1.7,5.0,44.429447,24.351112,Industrial
1109,Olt_RNMCA,Ni in PM10,3.14,10.0,44.429447,24.351112,Industrial
1110,Prahova_RNMCA,Cd in PM10,0.62,5.0,44.941032,25.998533,Traffic
1111,Prahova_RNMCA,As in PM10,0.62,6.0,44.941032,25.998533,Traffic
1112,Satu Mare_RNMCA,Ni in PM10,4.22,10.0,47.799683,22.877022,Background
1113,Tulcea_RNMCA,Cd in PM10,0.4,5.0,45.180481,28.787367,Traffic
1114,Giurgiu_RNMCA,Pb in PM10,0.0,0.5,43.912903,25.974134,Traffic
1115,Gorj_RNMCA,Cd in PM10,0.25,5.0,44.68211,23.375156,Industrial
1116,Gorj_RNMCA,Ni in PM10,1.07,10.0,44.68211,23.375156,Industrial
1117,Timis_RNMCA,Pb in PM10,0.01,0.5,45.257939,21.266975,Background
1118,Timis_RNMCA,As in PM10,0.7,6.0,45.257939,21.266975,Background
1119,Hunedoara_RNMCA,Cd in PM10,0.0,5.0,45.37313,23.2786,Industrial
1120,Hunedoara_RNMCA,Ni in PM10,0.01,10.0,45.37313,23.2786,Industrial
1121,Bucuresti_RNMCA,PM10,28.66,40.0,44.411114,26.184734,Industrial
1122,Bucuresti_RNMCA,PM10,48.0,50.0,44.411114,26.184734,Industrial
1123,Bucuresti_RNMCA,PM10,27.95,-1,44.395836,26.148348,Industrial
1124,Bucuresti_RNMCA,PM10,17.0,50.0,44.395836,26.148348,Industrial
1125,Bucuresti_RNMCA,SO2,0.0,24.0,44.42889,26.120836,Traffic
1126,Bucuresti_RNMCA,PM10,24.48,40.0,44.348888,26.033613,Background
1127,Bucuresti_RNMCA,PM10,41.0,50.0,44.348888,26.033613,Background
1128,Bucuresti_RNMCA,PM2.5,17.81,25.0,44.616665,26.116667,Background
1129,Bucuresti_RNMCA,PM2.5,17.81,-1,44.616665,26.116667,Background
1130,Cluj,PM2.5,20.28,26.0,46.775002,23.596678,Background
1131,Cluj,PM10,46.6,50.0,46.765278,23.550278,Background
1132,Craiova,PM10,38.44,50.0,44.318611,23.806116,Traffic
1133,Craiova,SO2,6.52,20.0,44.326664,23.778622,Traffic
1134,Craiova,PM10,51.32,50.0,44.326664,23.778622,Traffic
1135,Craiova,O3,0.0,-1,44.326664,23.778622,Traffic
1136,Craiova,O3,0.0,-1,44.326664,23.778622,Traffic
1137,Craiova,NO2,0.0,18.0,44.326664,23.778622,Traffic
1138,Craiova,NO2,0.0,-1,44.326664,23.778622,Traffic
1139,Cluj,PM10,3.0,50.0,46.778332,23.61557,Traffic
1140,Cluj,SO2,0.0,-1,46.782223,23.630569,Industrial
1141,Iasi_retea,SO2,3.35,20.0,47.156667,27.574722,Traffic
1142,Iasi_retea,PM10,56.28,50.0,47.156667,27.574722,Traffic
1143,Iasi_retea,C6H6,3.38,-1,47.156667,27.574722,Traffic
1144,Iasi_retea,SO2,0.0,-1,47.151112,27.583614,Background
1145,Iasi_retea,NO2,27.77,40.0,47.151112,27.583614,Background
1146,Iasi_retea,NO2,27.77,60.0,47.151112,27.583614,Background
1147,Iasi_retea,SO2,0.0,3.0,47.158058,27.614458,Industrial
1148,Iasi_retea,NO2,0.0,27.0,47.158058,27.614458,Industrial
1149,Iasi_retea,SO2,4.08,20.0,47.198891,27.545277,Background
1150,Iasi_retea,PM10,37.43,50.0,47.198891,27.545277,Background
1151,Iasi_retea,O3,0.0,-1,47.198891,27.545277,Background
1152,Iasi_retea,O3,0.0,-1,47.198891,27.545277,Background
1153,Iasi_retea,SO2,0.0,-1,47.13716,27.693067,Background
1154,Iasi_retea,PM10,26.0,50.0,47.13716,27.693067,Background
1155,Iasi_retea,O3,0.0,-1,47.13716,27.693067,Background
1156,Alba_RNMCA,SO2,0.0,24.0,46.064224,23.563482,Background
1157,Alba_RNMCA,O3,0.0,-1,46.064224,23.563482,Background
1158,Alba_RNMCA,NO2,21.16,40.0,46.064224,23.563482,Background
1159,Alba_RNMCA,NO2,21.16,60.0,46.064224,23.563482,Background
1160,Alba_RNMCA,SO2,0.0,3.0,45.9669,23.561399,Industrial
1161,Alba_RNMCA,O3,0.0,0.0,45.9669,23.561399,Industrial
1162,Alba_RNMCA,CO,0.0,0.0,45.9669,23.561399,Industrial
1163,Alba_RNMCA,PM10,46.78,50.0,46.108295,23.225601,Industrial
1164,Alba_RNMCA,O3,0.0,-1,46.108295,23.225601,Industrial
1165,Alba_RNMCA,O3,0.0,-1,46.108295,23.225601,Industrial
1166,Alba_RNMCA,NO2,0.0,-1,46.108295,23.225601,Industrial
1167,Alba_RNMCA,NO2,0.0,18.0,46.108295,23.225601,Industrial
1168,Arad_RNMCA,SO2,0.0,-1,46.181389,21.334721,Traffic
1169,Arad_RNMCA,PM10,10.0,50.0,46.181389,21.334721,Traffic
1170,Arad_RNMCA,O3,0.0,-1,46.181389,21.334721,Traffic
1171,Arad_RNMCA,SO2,0.0,3.0,46.190552,21.302483,Background
1172,Arad_RNMCA,PM10,18.75,40.0,46.190552,21.302483,Background
1173,Arad_RNMCA,PM10,31.16,50.0,46.190552,21.302483,Background
1174,Arad_RNMCA,NO2,0.0,27.0,46.190552,21.302483,Background
1175,Arges_RNMCA,SO2,0.0,-1,44.870219,24.854518,Traffic
1176,Arges_RNMCA,SO2,0.0,3.0,44.858171,24.87715,Background
1177,Arges_RNMCA,CO,0.0,0.0,44.858171,24.87715,Background
1178,Arges_RNMCA,PM2.5,13.38,26.0,44.858171,24.87715,Background
1179,Bacau_RNMCA,SO2,0.0,-1,46.564594,26.910671,Background
1180,Bacau_RNMCA,PM10,0.0,50.0,46.564594,26.910671,Background
1181,Bacau_RNMCA,PM10,19.2,-1,46.564594,26.910671,Background
1182,Bacau_RNMCA,O3,0.0,-1,46.564594,26.910671,Background
1183,Bacau_RNMCA,SO2,0.0,3.0,46.555931,26.927031,Industrial
1184,Bacau_RNMCA,PM10,19.93,40.0,46.555931,26.927031,Industrial
1185,Bacau_RNMCA,O3,0.0,-1,46.256931,26.793091,Industrial
1186,Bihor_RNMCA,SO2,0.0,-1,47.068611,21.927238,Background
1187,Bihor_RNMCA,O3,0.0,-1,47.068611,21.927238,Background
1188,Bihor_RNMCA,SO2,0.0,24.0,47.097504,21.901402,Industrial
1189,Bihor_RNMCA,SO2,0.0,3.0,47.097504,21.901402,Industrial
1190,Bistrita_RNMCA,PM10,32.64,50.0,47.127377,24.495428,Background
1191,Botosani_RNMCA,SO2,0.0,-1,47.739891,26.658577,Background
1192,Botosani_RNMCA,PM10,30.88,-1,47.739891,26.658577,Background
1193,Botosani_RNMCA,PM10,33.0,50.0,47.739891,26.658577,Background
1194,Braila_RNMCA,O3,0.0,-1,45.26297,27.96966,Background
1195,Brasov_RNMCA,PM10,22.82,-1,45.637714,25.63068,Traffic
1196,Brasov_RNMCA,PM10,17.0,50.0,45.637714,25.63068,Traffic
1197,Brasov_RNMCA,PM10,21.0,50.0,45.65937,25.616217,Traffic
1198,Brasov_RNMCA,O3,0.0,-1,45.65937,25.616217,Traffic
1199,Brasov_RNMCA,NO2,35.66,40.0,45.65937,25.616217,Traffic
1200,Brasov_RNMCA,NO2,35.66,60.0,45.65937,25.616217,Traffic
1201,Buzau_RNMCA,SO2,0.0,-1,45.153606,26.819145,Background
1202,Buzau_RNMCA,PM10,21.98,-1,45.153606,26.819145,Background
1203,Buzau_RNMCA,PM10,11.0,50.0,45.153606,26.819145,Background
1204,Buzau_RNMCA,O3,0.0,-1,45.153606,26.819145,Background
1205,Caras_RNMCA,PM10,11.78,40.0,45.299332,21.872139,Industrial
1206,Caras_RNMCA,NO2,0.0,27.0,45.299332,21.872139,Industrial
1207,Caras_RNMCA,NOX as NO2,12.12,30.0,45.299332,21.872139,Industrial
1208,Caras_RNMCA,O3,0.0,-1,45.518608,22.352751,Industrial
1209,Constanta_RNMCA,PM10,12.0,50.0,44.177952,28.636391,Traffic
1210,Constanta_RNMCA,PM10,31.07,50.0,44.312351,28.623131,Background
1211,Constanta_RNMCA,O3,0.0,-1,44.312351,28.623131,Background
1212,Constanta_RNMCA,SO2,0.0,-1,43.815163,28.582516,Traffic
1213,Constanta_RNMCA,PM10,21.49,-1,43.815163,28.582516,Traffic
1214,Constanta_RNMCA,PM10,4.0,50.0,43.815163,28.582516,Traffic
1215,Constanta_RNMCA,NO2,13.46,40.0,43.815163,28.582516,Traffic
1216,Constanta_RNMCA,NO2,13.46,60.0,43.815163,28.582516,Traffic
1217,Constanta_RNMCA,PM10,25.21,40.0,44.14941,28.623802,Industrial
1218,Constanta_RNMCA,PM10,39.61,50.0,44.14941,28.623802,Industrial
1219,Constanta_RNMCA,NO2,0.0,27.0,44.14941,28.623802,Industrial
1220,Constanta_RNMCA,NOX as NO2,38.54,30.0,44.14941,28.623802,Industrial
1221,Constanta_RNMCA,O3,0.0,-1,44.319626,28.610256,Industrial
1222,Constanta_RNMCA,PM10,27.41,-1,44.248325,28.26123,Industrial
1223,Constanta_RNMCA,PM10,14.0,50.0,44.248325,28.26123,Industrial
1224,Constanta_RNMCA,O3,0.0,-1,44.248325,28.26123,Industrial
1225,Covasna_RNMCA,SO2,0.0,3.0,45.875118,25.804455,Background
1226,Galati_RNMCA,PM10,19.6,50.0,45.41881,28.01785,Traffic
1227,Galati_RNMCA,O3,0.0,-1,45.431538,28.054741,Background
1228,Galati_RNMCA,SO2,0.0,3.0,45.47295,28.03394,Background
1229,Galati_RNMCA,O3,0.0,-1,45.41119,28.00639,Industrial
1230,Gorj_RNMCA,SO2,0.0,3.0,44.899094,23.171091,Industrial
1231,Gorj_RNMCA,PM10,33.82,40.0,44.899094,23.171091,Industrial
1232,Gorj_RNMCA,PM10,48.96,50.0,44.899094,23.171091,Industrial
1233,Gorj_RNMCA,NO2,0.0,27.0,44.899094,23.171091,Industrial
1234,Gorj_RNMCA,CO,0.0,0.0,44.899094,23.171091,Industrial
1235,Harghita_RNMCA,SO2,0.0,-1,46.326618,25.811356,Background
1236,Harghita_RNMCA,PM10,21.0,50.0,46.326618,25.811356,Background
1237,Hunedoara_RNMCA,SO2,0.0,3.0,45.871384,22.908752,Industrial
1238,Hunedoara_RNMCA,PM10,14.57,40.0,45.871384,22.908752,Industrial
1239,Hunedoara_RNMCA,PM10,27.25,50.0,45.871384,22.908752,Industrial
1240,Hunedoara_RNMCA,NO2,0.0,27.0,45.871384,22.908752,Industrial
1241,Hunedoara_RNMCA,CO,0.0,0.0,45.871384,22.908752,Industrial
1242,Hunedoara_RNMCA,PM10,34.52,50.0,45.895504,22.899347,Industrial
1243,Hunedoara_RNMCA,NO2,0.0,18.0,45.895504,22.899347,Industrial
1244,Hunedoara_RNMCA,NO2,18.18,-1,45.895504,22.899347,Industrial
1245,Hunedoara_RNMCA,SO2,0.0,3.0,45.734566,22.991819,Industrial
1246,Maramures_RNMCA,SO2,0.0,-1,47.652035,23.554808,Traffic
1247,Maramures_RNMCA,PM10,1.0,50.0,47.652035,23.554808,Traffic
1248,Maramures_RNMCA,NO2,22.46,40.0,47.652035,23.554808,Traffic
1249,Maramures_RNMCA,NO2,22.46,60.0,47.652035,23.554808,Traffic
1250,Maramures_RNMCA,SO2,0.0,3.0,47.65199,23.57049,Background
1251,Maramures_RNMCA,NO2,0.0,27.0,47.65199,23.57049,Background
1252,Maramures_RNMCA,CO,0.0,0.0,47.65199,23.57049,Background
1253,Maramures_RNMCA,PM10,49.3,50.0,47.751308,23.605289,Background
1254,Maramures_RNMCA,O3,0.0,-1,47.751308,23.605289,Background
1255,Mehedinti_RNMCA,PM10,34.0,50.0,44.627495,22.694174,Industrial
1256,Mehedinti_RNMCA,NO2,0.0,18.0,44.627495,22.694174,Industrial
1257,Mehedinti_RNMCA,NO2,39.33,-1,44.627495,22.694174,Industrial
1258,Mehedinti_RNMCA,PM2.5,19.84,25.0,44.627495,22.694174,Industrial
1259,Mehedinti_RNMCA,PM2.5,19.84,-1,44.627495,22.694174,Industrial
1260,Neamt_RNMCA,SO2,15.38,20.0,46.929996,26.390005,Background
1261,Neamt_RNMCA,PM10,36.89,50.0,46.929996,26.390005,Background
1262,Neamt_RNMCA,O3,0.0,-1,46.929996,26.390005,Background
1263,Neamt_RNMCA,O3,0.0,-1,46.929996,26.390005,Background
1264,Neamt_RNMCA,SO2,0.0,-1,46.950283,26.920002,Industrial
1265,Olt_RNMCA,PM10,38.8,50.0,44.429447,24.351112,Industrial
1266,Olt_RNMCA,O3,0.0,-1,44.429447,24.351112,Industrial
1267,Olt_RNMCA,NO2,0.0,18.0,44.429447,24.351112,Industrial
1268,Prahova_RNMCA,SO2,0.0,-1,44.941032,25.998533,Traffic
1269,Prahova_RNMCA,PM10,17.0,50.0,44.941032,25.998533,Traffic
1270,Prahova_RNMCA,SO2,0.0,3.0,44.939201,26.025902,Background
1271,Prahova_RNMCA,PM2.5,17.98,26.0,44.939201,26.025902,Background
1272,Prahova_RNMCA,PM10,47.43,50.0,44.984646,26.018019,Background
1273,Prahova_RNMCA,O3,0.0,-1,44.984646,26.018019,Background
1274,Prahova_RNMCA,SO2,0.0,-1,44.850227,26.025917,Industrial
1275,Prahova_RNMCA,O3,0.0,-1,44.850227,26.025917,Industrial
1276,Prahova_RNMCA,SO2,0.0,3.0,44.92292,26.036814,Traffic
1277,Prahova_RNMCA,PM10,37.3,40.0,44.92292,26.036814,Traffic
1278,Prahova_RNMCA,PM10,55.41,50.0,44.92292,26.036814,Traffic
1279,Prahova_RNMCA,SO2,0.0,-1,44.943607,26.048607,Industrial
1280,Prahova_RNMCA,SO2,1.0,24.0,44.943607,26.048607,Industrial
1281,Prahova_RNMCA,PM10,25.0,50.0,44.943607,26.048607,Industrial
1282,Prahova_RNMCA,O3,0.0,-1,44.943607,26.048607,Industrial
1283,Prahova_RNMCA,NO2,22.88,40.0,44.943607,26.048607,Industrial
1284,Prahova_RNMCA,NO2,22.88,60.0,44.943607,26.048607,Industrial
1285,Salaj_RNMCA,PM10,22.72,40.0,47.195065,23.046906,Industrial
1286,Salaj_RNMCA,PM10,41.98,50.0,47.195065,23.046906,Industrial
1287,Salaj_RNMCA,CO,0.0,0.0,47.195065,23.046906,Industrial
1288,Satu Mare_RNMCA,PM10,46.42,50.0,47.799683,22.877022,Background
1289,Sibiu_RNMCA,SO2,0.0,3.0,45.785114,24.153469,Background
1290,Sibiu_RNMCA,PM10,36.34,50.0,45.785114,24.153469,Background
1291,Sibiu_RNMCA,PM10,21.22,40.0,45.785114,24.153469,Background
1292,Sibiu_RNMCA,CO,0.0,0.0,45.785114,24.153469,Background
1293,Sibiu_RNMCA,PM2.5,11.79,26.0,45.785114,24.153469,Background
1294,Sibiu_RNMCA,SO2,0.0,-1,46.113052,24.229443,Industrial
1295,Sibiu_RNMCA,O3,0.0,-1,46.113052,24.229443,Industrial
1296,Sibiu_RNMCA,SO2,0.0,3.0,46.15889,24.339998,Industrial
1297,Sibiu_RNMCA,PM10,19.99,40.0,46.15889,24.339998,Industrial
1298,Sibiu_RNMCA,PM10,39.97,50.0,46.15889,24.339998,Industrial
1299,Suceava_RNMCA,PM10,43.79,50.0,47.649185,26.24905,Background
1300,Suceava_RNMCA,O3,0.0,-1,47.649185,26.24905,Background
1301,Timis_RNMCA,SO2,16.65,20.0,45.728092,21.355139,Traffic
1302,Timis_RNMCA,PM10,41.07,50.0,45.728092,21.355139,Traffic
1303,Timis_RNMCA,C6H6,1.04,-1,45.728092,21.355139,Traffic
1304,Timis_RNMCA,SO2,0.0,-1,45.755493,21.227453,Background
1305,Timis_RNMCA,O3,0.0,-1,45.755493,21.227453,Background
1306,Timis_RNMCA,PM10,15.96,40.0,45.913494,21.151775,Background
1307,Timis_RNMCA,PM10,26.71,50.0,45.913494,21.151775,Background
1308,Timis_RNMCA,O3,0.0,-1,45.736702,21.250942,Industrial
1309,Timis_RNMCA,NO2,0.0,18.0,45.736702,21.250942,Industrial
1310,Timis_RNMCA,SO2,0.0,-1,45.776657,21.220881,Traffic
1311,Timis_RNMCA,PM10,27.0,50.0,45.776657,21.220881,Traffic
1312,Timis_RNMCA,NO2,29.5,40.0,45.776657,21.220881,Traffic
1313,Timis_RNMCA,NO2,29.5,60.0,45.776657,21.220881,Traffic
1314,Tulcea_RNMCA,SO2,0.0,3.0,45.176094,28.774727,Industrial
1315,Valcea_RNMCA,SO2,0.0,-1,45.08273,24.36979,Background
1316,Valcea_RNMCA,PM10,23.0,50.0,45.08273,24.36979,Background
1317,Valcea_RNMCA,PM10,26.03,-1,45.08273,24.36979,Background
1318,Valcea_RNMCA,O3,0.0,-1,45.08273,24.36979,Background
1319,Valcea_RNMCA,NO2,3.76,60.0,45.08273,24.36979,Background
1320,Valcea_RNMCA,NO2,0.0,27.0,45.038834,24.298624,Industrial
1321,Valcea_RNMCA,NOX as NO2,15.89,30.0,45.038834,24.298624,Industrial
1322,Tulcea_RNMCA,PM10,28.48,-1,45.180481,28.787367,Traffic
1323,Tulcea_RNMCA,PM10,12.0,50.0,45.180481,28.787367,Traffic
1324,Arad_RNMCA,SO2,8.31,20.0,46.166817,20.736851,Traffic
1325,Arad_RNMCA,PM10,31.8,50.0,46.166817,20.736851,Traffic
1326,Caras_RNMCA,SO2,0.0,-1,44.723309,21.633366,Traffic
1327,Caras_RNMCA,PM10,36.33,50.0,45.36314,22.24314,Traffic
1328,Giurgiu_RNMCA,SO2,11.72,20.0,43.875435,25.93178,Industrial
1329,Giurgiu_RNMCA,SO2,0.0,-1,43.875435,25.93178,Industrial
1330,Giurgiu_RNMCA,NO2,0.0,-1,43.875435,25.93178,Industrial
1331,Giurgiu_RNMCA,SO2,0.0,24.0,43.912903,25.974134,Traffic
1332,Giurgiu_RNMCA,NOX as NO2,69.99,30.0,43.912903,25.974134,Traffic
1333,Giurgiu_RNMCA,O3,0.0,-1,43.963814,26.038738,Background
1334,Giurgiu_RNMCA,PM2.5,10.52,25.0,43.963814,26.038738,Background
1335,Giurgiu_RNMCA,PM2.5,10.52,-1,43.963814,26.038738,Background
1336,Gorj_RNMCA,PM10,41.51,50.0,44.68211,23.375156,Industrial
1337,Gorj_RNMCA,NO2,0.0,18.0,44.68211,23.375156,Industrial
1338,Mures_RNMCA,SO2,0.0,3.0,46.334091,24.308413,Industrial
1339,Mures_RNMCA,CO,0.0,0.0,46.334091,24.308413,Industrial
1340,Suceava_RNMCA,PM10,37.61,50.0,47.953182,26.068127,Traffic
1341,Suceava_RNMCA,NO2,0.0,-1,47.953182,26.068127,Traffic
1342,Suceava_RNMCA,NO2,0.0,18.0,47.953182,26.068127,Traffic
1343,Teleorman_RNMCA,SO2,0.0,-1,43.980331,25.312403,Background
1344,Teleorman_RNMCA,SO2,0.0,24.0,43.980331,25.312403,Background
1345,Teleorman_RNMCA,PM10,8.0,50.0,43.980331,25.312403,Background
1346,Teleorman_RNMCA,O3,0.0,-1,43.980331,25.312403,Background
1347,Teleorman_RNMCA,NO2,20.24,40.0,43.980331,25.312403,Background
1348,Teleorman_RNMCA,NO2,20.24,60.0,43.980331,25.312403,Background
1349,Teleorman_RNMCA,SO2,0.0,3.0,43.757984,24.9018,Industrial
1350,Teleorman_RNMCA,PM10,22.18,40.0,43.757984,24.9018,Industrial
1351,Teleorman_RNMCA,PM10,34.43,50.0,43.757984,24.9018,Industrial
1352,Teleorman_RNMCA,NO2,0.0,27.0,43.757984,24.9018,Industrial
1353,Teleorman_RNMCA,CO,0.0,0.0,43.757984,24.9018,Industrial
1354,Timis_RNMCA,C6H6,1.13,-1,45.694717,21.893414,Industrial
1355,Iasi_retea,SO2,0.0,-1,47.21561,27.768663,Background
1356,Iasi_retea,PM10,27.52,-1,47.21561,27.768663,Background
1357,Iasi_retea,PM10,25.0,50.0,47.21561,27.768663,Background
1358,Neamt_RNMCA,SO2,0.0,3.0,46.898746,26.034065,Industrial
1359,Vaslui_RNMCA,PM10,25.33,40.0,46.677389,28.1011,Background
1360,Vaslui_RNMCA,PM10,39.2,50.0,46.677389,28.1011,Background
1361,Timis_RNMCA,SO2,0.0,3.0,45.257939,21.266975,Background
1362,Timis_RNMCA,PM10,21.73,40.0,45.257939,21.266975,Background
1363,Timis_RNMCA,PM10,36.88,50.0,45.257939,21.266975,Background
1364,Hunedoara_RNMCA,PM10,30.89,50.0,45.37313,23.2786,Industrial
1365,Giurgiu_RNMCA,NO2,0.0,18.0,43.895522,25.956497,Background
1366,Giurgiu_RNMCA,NO2,0.0,27.0,43.895522,25.956497,Background
1367,Giurgiu_RNMCA,NO2,12.72,-1,43.895522,25.956497,Background
1368,Bucuresti_RNMCA,Cd in PM10,0.74,5.0,44.411114,26.184734,Industrial
1369,Bucuresti_RNMCA,Ni in PM10,3.71,10.0,44.42889,26.120836,Traffic
1370,Bucuresti_RNMCA,Cd in PM10,0.67,5.0,44.348888,26.033613,Background
1371,Iasi_retea,Pb in PM10,0.04,0.5,47.156667,27.574722,Traffic
1372,Iasi_retea,Pb in PM10,0.01,0.5,47.198891,27.545277,Background
1373,Alba_RNMCA,Ni in PM10,3.48,10.0,46.064224,23.563482,Background
1374,Alba_RNMCA,Pb in PM10,0.01,0.5,46.108295,23.225601,Industrial
1375,Alba_RNMCA,As in PM10,0.61,6.0,46.108295,23.225601,Industrial
1376,Bacau_RNMCA,Cd in PM10,0.32,5.0,46.555931,26.927031,Industrial
1377,Brasov_RNMCA,Cd in PM10,0.35,5.0,45.718143,25.62414,Background
1378,Constanta_RNMCA,Cd in PM10,0.46,5.0,44.14941,28.623802,Industrial
1379,Gorj_RNMCA,Cd in PM10,0.32,5.0,44.899094,23.171091,Industrial
1380,Hunedoara_RNMCA,Cd in PM10,0.0,5.0,45.871384,22.908752,Industrial
1381,Maramures_RNMCA,Pb in PM10,0.01,0.5,47.751308,23.605289,Background
1382,Olt_RNMCA,Pb in PM10,0.01,0.5,44.429447,24.351112,Industrial
1383,Prahova_RNMCA,As in PM10,0.63,6.0,44.984646,26.018019,Background
1384,Prahova_RNMCA,Cd in PM10,0.67,5.0,44.92292,26.036814,Traffic
1385,Prahova_RNMCA,Ni in PM10,1.32,10.0,44.943607,26.048607,Industrial
1386,Satu Mare_RNMCA,Pb in PM10,0.01,0.5,47.799683,22.877022,Background
1387,Sibiu_RNMCA,Cd in PM10,1.2,5.0,46.15889,24.339998,Industrial
1388,Timis_RNMCA,Pb in PM10,0.01,0.5,45.728092,21.355139,Traffic
1389,Timis_RNMCA,As in PM10,0.69,6.0,45.728092,21.355139,Traffic
1390,Timis_RNMCA,Cd in PM10,0.54,5.0,45.913494,21.151775,Background
1391,Suceava_RNMCA,Ni in PM10,2.24,10.0,47.324791,25.134665,Background
1392,Gorj_RNMCA,Pb in PM10,0.0,0.5,44.68211,23.375156,Industrial
1393,Gorj_RNMCA,As in PM10,0.01,6.0,44.68211,23.375156,Industrial
1394,Timis_RNMCA,Cd in PM10,0.63,5.0,45.257939,21.266975,Background
